YearMonth,account_type,account_name,actual_amount,budgetamount,_merge,variance_dollar,variance_percent,variance_type
2023-06,Revenue,Product Sales Revenue,613007.4,819899.49,both,-206892.08999999997,-25.233835674175133,Unfavorable
2023-07,Revenue,Product Sales Revenue,618927.39,822816.92,both,-203889.53000000003,-24.77945276088878,Unfavorable
2023-11,Revenue,Product Sales Revenue,754360.06,941104.06,both,-186744.0,-19.84307665190606,Unfavorable
2023-08,Revenue,Product Sales Revenue,595373.9,755175.87,both,-159801.96999999997,-21.16089461385994,Unfavorable
2023-05,Revenue,Product Sales Revenue,522599.26,674325.66,both,-151726.40000000002,-22.500463648380222,Unfavorable
2023-12,Revenue,Product Sales Revenue,846171.1,997883.33,both,-151712.22999999998,-15.20340358827319,Unfavorable
2023-04,Revenue,Product Sales Revenue,535838.86,667673.84,both,-131834.97999999998,-19.74541641469733,Unfavorable
2023-10,Revenue,Product Sales Revenue,609979.58,733873.54,both,-123893.96000000008,-16.882194717089824,Unfavorable
2023-11,Revenue,Service Revenue,348166.18,461001.47,both,-112835.28999999998,-24.476123687848542,Unfavorable
2023-03,Revenue,Product Sales Revenue,532268.32,639083.83,both,-106815.51000000001,-16.71384957431954,Unfavorable
2023-09,Revenue,Product Sales Revenue,591753.31,697312.54,both,-105559.22999999998,-15.138008273879597,Unfavorable
2023-07,Revenue,Service Revenue,322918.64,419651.84,both,-96733.20000000001,-23.050822319759163,Unfavorable
2023-09,Revenue,Service Revenue,355051.98,447811.1,both,-92759.12,-20.713894765002475,Unfavorable
2023-11,COGS,Cost of Products Sold,360988.83,453436.8,both,-92447.96999999997,-20.38828123345965,Favorable
2023-12,Revenue,Service Revenue,390540.51,479583.85,both,-89043.33999999997,-18.566792855931237,Unfavorable
2023-04,OpEx,Salaries - Admin,124250.39,212835.89,both,-88585.50000000001,-41.62150471896446,Favorable
2023-01,Revenue,Product Sales Revenue,419667.96,506907.22,both,-87239.25999999995,-17.21010405020468,Unfavorable
2023-10,Revenue,Service Revenue,365987.75,448818.12,both,-82830.37,-18.455219677850796,Unfavorable
2023-08,COGS,Cost of Products Sold,290547.21,370862.16,both,-80314.94999999995,-21.65628059762149,Favorable
2023-07,COGS,Cost of Products Sold,301351.96,378679.65,both,-77327.69,-20.42034474258123,Favorable
2023-06,COGS,Cost of Products Sold,278811.93,354554.43,both,-75742.5,-21.362728425082718,Favorable
2024-12,OpEx,Salaries - Sales,173031.18,248475.44,both,-75444.26000000001,-30.362864031954228,Favorable
2023-10,COGS,Cost of Products Sold,326249.91,399772.83,both,-73522.92000000004,-18.39117480795282,Favorable
2023-02,Revenue,Product Sales Revenue,453038.47,524819.0,both,-71780.53000000003,-13.677197281348432,Unfavorable
2023-04,Revenue,Service Revenue,321503.32,392312.81,both,-70809.48999999999,-18.049242389000757,Unfavorable
2023-06,Revenue,Service Revenue,319829.95,390008.74,both,-70178.78999999998,-17.994158284760488,Unfavorable
2024-08,OpEx,R&D Salaries,113408.89,182736.14,both,-69327.25000000001,-37.938445016951775,Favorable
2024-10,Revenue,Product Sales Revenue,730512.82,671778.36,both,58734.45999999996,8.74313069566575,Favorable
2024-11,Revenue,Product Sales Revenue,983999.68,926636.46,both,57363.22000000009,6.190477331315033,Favorable
2023-01,Revenue,Service Revenue,296236.2,351382.15,both,-55145.95000000001,-15.69401006852511,Unfavorable
2023-01,COGS,Cost of Products Sold,234091.97,288125.82,both,-54033.850000000006,-18.75356051047421,Favorable
2023-09,COGS,Cost of Products Sold,285949.76,337670.78,both,-51721.02000000002,-15.316996039752095,Favorable
2023-12,Revenue,Subscription Revenue,195831.45,245443.11,both,-49611.659999999974,-20.21309948362371,Unfavorable
2023-03,Revenue,Service Revenue,319360.99,368920.56,both,-49559.57000000001,-13.433669839382226,Unfavorable
2023-02,Revenue,Service Revenue,319791.86,368505.49,both,-48713.630000000005,-13.219241319851166,Unfavorable
2023-12,COGS,Direct Labor,196192.86,244263.32,both,-48070.46000000002,-19.679770175890518,Favorable
2023-12,COGS,Cost of Products Sold,392385.72,440310.3,both,-47924.580000000016,-10.88427411305164,Favorable
2023-01,OpEx,IT Salaries,92450.2,140301.15,both,-47850.95,-34.10588580350197,Favorable
2023-06,Revenue,Subscription Revenue,173892.73,220552.3,both,-46659.56999999998,-21.15578481838547,Unfavorable
2023-05,Revenue,Service Revenue,313559.55,359860.52,both,-46300.97000000003,-12.866365557410974,Unfavorable
2023-08,Revenue,Service Revenue,357224.34,402342.27,both,-45117.92999999999,-11.21381802612984,Unfavorable
2023-12,OpEx,Salaries - Admin,130192.88,175286.41,both,-45093.53,-25.725628130555016,Favorable
2024-06,Revenue,Product Sales Revenue,807132.05,762721.65,both,44410.40000000002,5.822622184646263,Favorable
2023-01,Revenue,Subscription Revenue,157500.0,201666.81,both,-44166.81,-21.900881954745056,Unfavorable
2023-03,Revenue,Subscription Revenue,163863.0,207940.36,both,-44077.359999999986,-21.197116327008374,Unfavorable
2024-04,OpEx,Salaries - Admin,248092.05,204576.76,both,43515.28999999998,21.270886292265054,Unfavorable
2024-07,Revenue,Service Revenue,425557.9,382941.18,both,42616.72000000003,11.12879006640133,Favorable
2023-04,Revenue,Subscription Revenue,167140.26,209751.47,both,-42611.20999999999,-20.315094811969608,Unfavorable
2023-06,COGS,Direct Labor,139405.97,181118.49,both,-41712.51999999999,-23.03051444388698,Favorable
2023-10,OpEx,Commissions,91254.94,132440.76,both,-41185.82000000001,-31.097541270527294,Favorable
2023-09,Revenue,Subscription Revenue,184536.35,225108.68,both,-40572.32999999999,-18.023440944169717,Unfavorable
2023-05,Revenue,Subscription Revenue,170483.07,211022.87,both,-40539.79999999999,-19.21109309147392,Unfavorable
2023-07,COGS,Direct Labor,150675.98,191062.3,both,-40386.31999999998,-21.137775479516357,Favorable
2024-12,OpEx,Salaries - Admin,209420.22,169584.3,both,39835.92000000001,23.490334895388322,Unfavorable
2023-04,COGS,Cost of Products Sold,274577.86,313381.21,both,-38803.350000000035,-12.382155905263124,Favorable
2024-01,Revenue,Product Sales Revenue,556921.51,518554.41,both,38367.100000000035,7.398857142107815,Favorable
2023-03,COGS,Cost of Products Sold,262386.02,300477.72,both,-38091.69999999995,-12.677046404638572,Favorable
2024-06,COGS,Cost of Products Sold,382004.21,343987.97,both,38016.24000000005,11.051619043538079,Unfavorable
2023-09,COGS,Direct Labor,142974.88,180765.4,both,-37790.51999999999,-20.905837068377018,Favorable
2023-11,Revenue,Subscription Revenue,191991.62,228921.63,both,-36930.01000000001,-16.13216278426814,Unfavorable
2023-08,Revenue,Subscription Revenue,180917.99,217474.99,both,-36557.0,-16.809749019875802,Unfavorable
2023-02,Revenue,Subscription Revenue,160650.0,196631.87,both,-35981.869999999995,-18.299103802450738,Unfavorable
2024-11,COGS,Cost of Products Sold,431528.89,395627.62,both,35901.27000000002,9.074510520777093,Unfavorable
2024-03,COGS,Cost of Products Sold,333011.86,297412.82,both,35599.03999999998,11.969571452905083,Unfavorable
2023-12,OpEx,Salaries - Sales,274428.67,239076.33,both,35352.34,14.787051482679193,Unfavorable
2024-06,OpEx,Marketing Expenses,129013.59,164265.01,both,-35251.42000000001,-21.460090618202873,Favorable
2023-03,COGS,Direct Labor,131193.01,165548.85,both,-34355.84,-20.752690218023258,Favorable
2024-07,Revenue,Product Sales Revenue,815652.63,782484.33,both,33168.30000000005,4.238845268633053,Favorable
2024-10,OpEx,Commissions,160945.63,127902.06,both,33043.57000000001,25.835056917769744,Unfavorable
2023-05,COGS,Cost of Products Sold,271929.81,304395.09,both,-32465.280000000028,-10.665507121024858,Favorable
2024-01,COGS,Cost of Products Sold,299328.06,267351.08,both,31976.97999999998,11.960669842814916,Unfavorable
2024-01,OpEx,IT Salaries,153853.58,123474.9,both,30378.679999999993,24.603121768067837,Unfavorable
2023-10,Revenue,Subscription Revenue,188227.08,218271.19,both,-30044.110000000015,-13.764578825084527,Unfavorable
2024-05,Revenue,Product Sales Revenue,672956.18,643188.4,both,29767.780000000028,4.6281587167927825,Favorable
2024-12,Revenue,Product Sales Revenue,1011286.82,982020.18,both,29266.639999999898,2.980248328501752,Favorable
2023-08,OpEx,R&D Salaries,203595.28,174463.34,both,29131.940000000002,16.698029511529473,Unfavorable
2023-10,OpEx,IT Software & Licenses,45915.74,75001.5,both,-29085.760000000002,-38.78023772857876,Favorable
2024-06,OpEx,Office Rent,49297.24,77535.73,both,-28238.489999999998,-36.41997050908014,Favorable
2023-06,OpEx,Salaries - Sales,154957.59,182337.51,both,-27379.920000000013,-15.016065536926556,Favorable
2023-07,Revenue,Subscription Revenue,177370.58,203489.56,both,-26118.98000000001,-12.835538098367314,Unfavorable
2023-08,COGS,Direct Labor,145273.61,171130.08,both,-25856.47,-15.109249057792765,Favorable
2023-04,COGS,Direct Labor,137288.93,162397.37,both,-25108.440000000002,-15.461112455207868,Favorable
2023-04,OpEx,Salaries - Sales,156233.16,181064.43,both,-24831.26999999999,-13.714051953771367,Favorable
2023-02,OpEx,Salaries - Sales,147925.09,171334.58,both,-23409.48999999999,-13.663027043344078,Favorable
2023-09,OpEx,Salaries - Sales,157883.13,180488.72,both,-22605.589999999997,-12.524655280396468,Favorable
2024-11,Revenue,Subscription Revenue,243491.8,221319.84,both,22171.959999999992,10.018062546945629,Favorable
2024-10,Revenue,Service Revenue,438307.69,460107.03,both,-21799.340000000026,-4.737884574378275,Unfavorable
2023-02,OpEx,Advertising,61048.58,82800.33,both,-21751.75,-26.270124768826403,Favorable
2024-04,OpEx,Office Rent,48543.86,70246.38,both,-21702.520000000004,-30.89485892369116,Favorable
2024-11,OpEx,R&D Salaries,112886.31,134163.8,both,-21277.48999999999,-15.859337615660852,Favorable
2023-03,OpEx,Salaries - Admin,117595.15,138761.36,both,-21166.209999999992,-15.253677248478967,Favorable
2023-02,COGS,Direct Labor,129897.69,151014.7,both,-21117.01000000001,-13.983413535238629,Favorable
2024-01,OpEx,Marketing Expenses,109633.14,130646.45,both,-21013.309999999998,-16.0841033185364,Favorable
2024-04,OpEx,Salaries - Sales,157826.45,178768.01,both,-20941.559999999998,-11.714377756959982,Favorable
2023-06,OpEx,R&D Salaries,114843.4,135453.42,both,-20610.02000000002,-15.21557742875744,Favorable
2023-11,COGS,Direct Labor,180494.42,200832.96,both,-20338.53999999998,-10.12709268438805,Favorable
2023-06,OpEx,Advertising,64474.42,84498.26,both,-20023.839999999997,-23.69734003990141,Favorable
2024-09,Revenue,Service Revenue,450770.44,430761.05,both,20009.390000000014,4.64512518018981,Favorable
2023-07,OpEx,Salaries - Admin,125118.03,145027.45,both,-19909.420000000013,-13.72803562360092,Favorable
2023-03,OpEx,Salaries - Sales,156131.95,175953.1,both,-19821.149999999994,-11.265018916972757,Favorable
2023-07,OpEx,Salaries - Sales,159305.4,179018.48,both,-19713.080000000016,-11.01175699849536,Favorable
2023-09,OpEx,Salaries - Admin,122334.84,141918.69,both,-19583.850000000006,-13.799345244801797,Favorable
2023-01,COGS,Direct Labor,117045.99,136627.47,both,-19581.479999999996,-14.3320226891415,Favorable
2023-10,OpEx,Salaries - Admin,124802.22,144374.6,both,-19572.380000000005,-13.55666439941652,Favorable
2024-04,OpEx,R&D Salaries,109585.89,128988.28,both,-19402.39,-15.041979007705194,Favorable
2024-07,COGS,Cost of Products Sold,365360.37,346075.71,both,19284.659999999974,5.57238183517704,Unfavorable
2023-10,OpEx,Marketing Expenses,91060.52,109901.75,both,-18841.229999999996,-17.143703353222307,Favorable
2024-05,COGS,Cost of Products Sold,326984.69,345700.21,both,-18715.52000000002,-5.41380058750905,Favorable
2024-02,OpEx,Advertising,97729.51,79335.87,both,18393.64,23.184519184071466,Unfavorable
2023-04,OpEx,IT Salaries,87819.08,106195.72,both,-18376.64,-17.30450153735009,Favorable
2023-12,OpEx,Marketing Expenses,89416.07,107689.58,both,-18273.509999999995,-16.968689078367653,Favorable
2024-10,OpEx,Salaries - Sales,158585.16,176742.54,both,-18157.380000000005,-10.273350151016276,Favorable
2024-09,OpEx,Office Rent,49573.34,67701.88,both,-18128.540000000008,-26.77701121445964,Favorable
2023-06,OpEx,Office Rent,90376.28,72288.55,both,18087.729999999996,25.021569806006617,Unfavorable
2024-01,OpEx,Salaries - Sales,155582.58,173606.91,both,-18024.330000000016,-10.382265314208988,Favorable
2023-02,COGS,Cost of Products Sold,259795.37,277609.02,both,-17813.650000000023,-6.416812393199624,Favorable
2023-01,OpEx,Advertising,78671.25,96372.22,both,-17700.97,-18.367295056604487,Favorable
2024-09,COGS,Direct Labor,184168.79,166760.68,both,17408.110000000015,10.438977581525823,Unfavorable
2024-05,OpEx,Commissions,74028.73,91325.77,both,-17297.040000000008,-18.93993338353458,Favorable
2023-09,OpEx,R&D Salaries,117806.37,134968.15,both,-17161.78,-12.715429529114832,Favorable
2024-02,Revenue,Subscription Revenue,203743.04,187495.28,both,16247.76000000001,8.66569014430657,Favorable
2023-06,COGS,Manufacturing Overhead,46468.66,62507.93,both,-16039.269999999997,-25.659576312957405,Favorable
2024-07,OpEx,Marketing Expenses,102520.27,118477.91,both,-15957.64,-13.468873649104715,Favorable
2024-08,OpEx,Salaries - Admin,128712.56,144428.73,both,-15716.170000000013,-10.881609219993841,Favorable
2023-11,OpEx,Salaries - Sales,161577.42,177266.14,both,-15688.720000000001,-8.850376050383902,Favorable
2023-02,OpEx,IT Salaries,89654.28,105152.21,both,-15497.930000000008,-14.738568024390556,Favorable
2023-11,COGS,Manufacturing Overhead,60164.81,75626.9,both,-15462.089999999997,-20.44522517781371,Favorable
2024-09,OpEx,Salaries - Admin,129430.8,144798.12,both,-15367.319999999992,-10.612927847405748,Favorable
2023-07,OpEx,Marketing Expenses,103484.05,118824.22,both,-15340.169999999998,-12.909969028199805,Favorable
2024-03,OpEx,Cloud Services,29888.47,45123.36,both,-15234.89,-33.76275614227309,Favorable
2023-08,OpEx,IT Salaries,91837.95,107066.98,both,-15229.029999999999,-14.22383446324908,Favorable
2024-07,OpEx,Salaries - Sales,167934.28,183143.29,both,-15209.01000000001,-8.304432010585815,Favorable
2023-05,COGS,Direct Labor,135964.9,151169.03,both,-15204.130000000005,-10.057701633727493,Favorable
2023-06,OpEx,Salaries - Admin,126370.54,141512.14,both,-15141.60000000002,-10.699859390155515,Favorable
2024-01,Revenue,Subscription Revenue,199748.08,184646.86,both,15101.220000000001,8.178433145302337,Favorable
2024-10,COGS,Cost of Products Sold,378310.22,363365.91,both,14944.309999999998,4.11274409313741,Unfavorable
2024-12,OpEx,Advertising,63356.96,78293.45,both,-14936.489999999998,-19.07757290041504,Favorable
2023-04,OpEx,Office Rent,81492.86,66704.98,both,14787.880000000005,22.169079430051557,Unfavorable
2024-05,Revenue,Service Revenue,403773.71,389142.45,both,14631.26000000001,3.7598725094114016,Favorable
2023-08,COGS,Manufacturing Overhead,48424.54,62863.9,both,-14439.36,-22.9692398976201,Favorable
2023-11,OpEx,Marketing Expenses,104832.17,119249.74,both,-14417.570000000007,-12.090231810987602,Favorable
2024-09,OpEx,Advertising,81043.1,95453.12,both,-14410.01999999999,-15.096436868695323,Favorable
2024-08,COGS,Cost of Products Sold,379409.2,365023.51,both,14385.690000000002,3.941031085915535,Unfavorable
2023-04,OpEx,R&D Salaries,114507.95,128430.64,both,-13922.690000000002,-10.840629619224822,Favorable
2024-10,OpEx,IT Salaries,96378.72,110290.0,both,-13911.279999999999,-12.613364765617915,Favorable
2024-04,OpEx,Marketing Expenses,105911.92,119821.01,both,-13909.089999999997,-11.608222965237896,Favorable
2023-10,OpEx,R&D Salaries,107484.35,121326.02,both,-13841.669999999998,-11.408657433912362,Favorable
2023-09,OpEx,Office Rent,84186.6,70376.45,both,13810.150000000009,19.62325465407819,Unfavorable
2023-08,OpEx,Salaries - Admin,123561.3,137345.91,both,-13784.61,-10.036418266841729,Favorable
2024-07,OpEx,Professional Fees,22395.55,35894.16,both,-13498.610000000004,-37.606702594516776,Favorable
2023-10,COGS,Direct Labor,163124.95,176511.06,both,-13386.109999999986,-7.583723082281635,Favorable
2023-09,OpEx,IT Salaries,90796.24,104162.6,both,-13366.36,-12.832206569344468,Favorable
2023-03,OpEx,Advertising,87780.32,101094.72,both,-13314.399999999994,-13.1702229354807,Favorable
2024-04,Revenue,Service Revenue,390977.63,404218.1,both,-13240.469999999972,-3.275575734980688,Unfavorable
2023-05,OpEx,Salaries - Admin,125326.98,138434.6,both,-13107.62000000001,-9.468456585275653,Favorable
2024-06,OpEx,IT Salaries,95688.76,108665.82,both,-12977.060000000012,-11.942172800978277,Favorable
2023-11,OpEx,IT Salaries,99161.66,111835.7,both,-12674.039999999994,-11.332731855749097,Favorable
2023-03,OpEx,R&D Salaries,111129.28,123632.15,both,-12502.869999999995,-10.112960099779867,Favorable
2024-04,OpEx,Commissions,75458.65,87901.54,both,-12442.89,-14.15548578557327,Favorable
2024-01,OpEx,R&D Salaries,110164.72,122491.21,both,-12326.490000000005,-10.06316289960725,Favorable
2024-04,COGS,Cost of Products Sold,329925.13,317655.26,both,12269.869999999995,3.8626371242837263,Unfavorable
2023-12,OpEx,Commissions,73211.83,85468.61,both,-12256.779999999999,-14.340680163161657,Favorable
2024-12,Revenue,Service Revenue,466747.76,454497.63,both,12250.130000000005,2.695312184576189,Favorable
2024-07,Revenue,Subscription Revenue,224948.78,213047.28,both,11901.5,5.586318680060125,Favorable
2023-10,COGS,Manufacturing Overhead,54374.98,66203.17,both,-11828.189999999995,-17.866500954561534,Favorable
2024-10,OpEx,IT Software & Licenses,84291.04,72512.53,both,11778.509999999995,16.243413379728985,Unfavorable
2023-05,OpEx,Salaries - Sales,150692.91,162437.36,both,-11744.449999999983,-7.230140898620848,Favorable
2023-08,OpEx,Marketing Expenses,83876.53,95606.37,both,-11729.839999999997,-12.26888961478194,Favorable
2023-11,OpEx,IT Software & Licenses,36748.31,48389.9,both,-11641.590000000004,-24.057892246109216,Favorable
2024-02,Revenue,Product Sales Revenue,533967.72,545556.09,both,-11588.369999999995,-2.1241390596519594,Unfavorable
2024-07,OpEx,R&D Salaries,117962.79,129459.56,both,-11496.770000000004,-8.88058788396933,Favorable
2023-08,OpEx,Commissions,81310.23,92798.89,both,-11488.660000000003,-12.380169633494543,Favorable
2024-02,OpEx,Marketing Expenses,108963.61,120310.78,both,-11347.169999999998,-9.431548860376433,Favorable
2024-09,OpEx,R&D Salaries,120211.95,131518.4,both,-11306.449999999997,-8.596857930145134,Favorable
2023-06,OpEx,Marketing Expenses,170474.81,159222.75,both,11252.059999999998,7.066867014920919,Unfavorable
2023-01,OpEx,Salaries - Admin,117037.15,127923.95,both,-10886.800000000003,-8.510368855871011,Favorable
2024-11,OpEx,Salaries - Sales,159021.97,169901.2,both,-10879.23000000001,-6.403268487803506,Favorable
2023-11,OpEx,Advertising,80751.44,91574.97,both,-10823.529999999999,-11.819310451316554,Favorable
2024-06,COGS,Direct Labor,191002.1,180203.76,both,10798.339999999997,5.992294500403319,Unfavorable
2024-01,OpEx,Salaries - Admin,128813.56,139435.23,both,-10621.670000000013,-7.617637235582436,Favorable
2023-09,OpEx,R&D Materials,33780.52,44257.19,both,-10476.670000000006,-23.67224399018556,Favorable
2023-09,OpEx,Marketing Expenses,109288.29,119721.33,both,-10433.040000000008,-8.714437101559103,Favorable
2024-02,OpEx,Salaries - Sales,165731.91,176136.53,both,-10404.619999999995,-5.9071335173913075,Favorable
2024-03,COGS,Direct Labor,166505.93,156130.84,both,10375.089999999997,6.645125332061236,Unfavorable
2024-09,Revenue,Product Sales Revenue,751284.07,761634.57,both,-10350.5,-1.3589850576241571,Unfavorable
2024-09,OpEx,Cloud Services,35915.73,46055.13,both,-10139.399999999994,-22.015788469167266,Favorable
2023-06,OpEx,Commissions,74515.09,84611.99,both,-10096.900000000009,-11.933178737434266,Favorable
2024-11,OpEx,Commissions,90663.29,100751.15,both,-10087.86,-10.012649979677652,Favorable
2024-01,OpEx,Commissions,83942.43,93916.56,both,-9974.130000000005,-10.620203721260665,Favorable
2023-08,OpEx,IT Software & Licenses,40414.44,50352.33,both,-9937.89,-19.73670334620066,Favorable
2023-05,COGS,Manufacturing Overhead,45321.63,55258.12,both,-9936.490000000005,-17.981954507319475,Favorable
2024-05,OpEx,Marketing Expenses,95623.01,105448.2,both,-9825.190000000002,-9.31755117678633,Favorable
2024-10,OpEx,Advertising,100408.88,110207.77,both,-9798.89,-8.891287792140243,Favorable
2023-12,COGS,Manufacturing Overhead,65397.62,75079.51,both,-9681.889999999992,-12.895515700621903,Favorable
2023-03,COGS,Manufacturing Overhead,43731.0,53364.51,both,-9633.510000000002,-18.052278564911404,Favorable
2023-09,OpEx,Commissions,71885.33,81515.38,both,-9630.050000000003,-11.813782871404149,Favorable
2024-12,COGS,Direct Labor,226939.85,236524.65,both,-9584.799999999988,-4.052347186646292,Favorable
2023-02,OpEx,Commissions,85952.35,95333.98,both,-9381.62999999999,-9.8408038770646,Favorable
2024-02,COGS,Cost of Products Sold,282574.14,273249.26,both,9324.880000000005,3.412591126504791,Unfavorable
2023-07,COGS,Manufacturing Overhead,50225.33,59510.51,both,-9285.18,-15.602588517557656,Favorable
2023-03,OpEx,Commissions,76375.8,85510.98,both,-9135.179999999993,-10.683049124217725,Favorable
2023-01,Revenue,Other Revenue,49372.7,58223.56,both,-8850.86,-15.20150949203381,Unfavorable
2024-05,COGS,Direct Labor,163492.35,172342.13,both,-8849.779999999999,-5.135006745013538,Favorable
2024-08,OpEx,Advertising,87475.4,96314.98,both,-8839.580000000002,-9.177783144428833,Favorable
2024-11,OpEx,IT Salaries,95318.6,104095.59,both,-8776.98999999999,-8.431663627633016,Favorable
2023-03,OpEx,Marketing Expenses,89993.73,98748.44,both,-8754.710000000006,-8.865669169052195,Favorable
2023-01,OpEx,Commissions,91270.03,100002.69,both,-8732.660000000003,-8.732425097764873,Favorable
2024-12,COGS,Cost of Products Sold,453879.71,462587.75,both,-8708.039999999979,-1.8824623003959744,Favorable
2023-10,OpEx,IT Salaries,97816.68,106517.21,both,-8700.530000000013,-8.168191787974932,Favorable
2024-03,Revenue,Product Sales Revenue,638748.12,630050.69,both,8697.430000000051,1.3804333743369206,Favorable
2023-07,OpEx,Professional Fees,41243.8,32624.81,both,8618.990000000002,26.41851400820419,Unfavorable
2023-01,OpEx,R&D Salaries,113640.69,122152.16,both,-8511.470000000001,-6.967924267569235,Favorable
2024-09,OpEx,IT Salaries,98382.87,106839.2,both,-8456.330000000002,-7.915006851417833,Favorable
2023-02,OpEx,Salaries - Admin,122507.35,130893.45,both,-8386.099999999991,-6.406814091919795,Favorable
2024-11,OpEx,Professional Fees,19877.48,28239.42,both,-8361.939999999999,-29.610877277224528,Favorable
2024-12,OpEx,R&D Salaries,115760.36,124070.85,both,-8310.490000000005,-6.698180918402674,Favorable
2024-09,Revenue,Subscription Revenue,234036.71,225758.71,both,8278.0,3.666746678345212,Favorable
2023-05,OpEx,Marketing Expenses,113418.92,105335.56,both,8083.360000000001,7.673913728659154,Unfavorable
2024-11,COGS,Direct Labor,215764.44,207762.93,both,8001.510000000009,3.851269328941409,Unfavorable
2024-03,OpEx,R&D Salaries,120446.69,128382.24,both,-7935.550000000003,-6.181189859282719,Favorable
2024-08,Revenue,Product Sales Revenue,713198.6,721055.65,both,-7857.050000000047,-1.0896593071561185,Unfavorable
2023-07,OpEx,IT Salaries,89257.29,97082.09,both,-7824.800000000003,-8.059983051456765,Favorable
2024-08,Revenue,Other Revenue,48956.15,56662.12,both,-7705.970000000001,-13.599861777144945,Unfavorable
2024-09,COGS,Cost of Products Sold,368337.58,360686.08,both,7651.5,2.1213737996209887,Unfavorable
2023-12,OpEx,R&D Salaries,115278.72,122867.4,both,-7588.679999999993,-6.176316907495392,Favorable
2024-01,OpEx,Advertising,98434.52,90919.04,both,7515.4800000000105,8.26612335545999,Unfavorable
2023-05,OpEx,Office Rent,45449.44,52946.64,both,-7497.199999999997,-14.159916474397615,Favorable
2023-01,OpEx,Cloud Services,27033.13,34527.94,both,-7494.810000000001,-21.70650783104929,Favorable
2023-10,OpEx,Office Rent,47307.59,54764.85,both,-7457.260000000002,-13.616872866446275,Favorable
2024-04,OpEx,IT Salaries,97985.18,105425.89,both,-7440.710000000006,-7.057763515204858,Favorable
2023-09,COGS,Manufacturing Overhead,47658.29,55041.41,both,-7383.120000000003,-13.413755207215807,Favorable
2023-07,OpEx,R&D Salaries,115546.45,122901.14,both,-7354.690000000002,-5.984232530308509,Favorable
2023-01,OpEx,IT Software & Licenses,34894.61,42207.7,both,-7313.0899999999965,-17.326435697751823,Favorable
2023-01,COGS,Manufacturing Overhead,39015.33,46247.0,both,-7231.669999999998,-15.637057538867383,Favorable
2023-04,OpEx,Advertising,77486.67,84649.28,both,-7162.610000000001,-8.46151319893093,Favorable
2023-10,OpEx,Advertising,90442.34,97603.19,both,-7160.850000000006,-7.336696679688447,Favorable
2024-04,Revenue,Other Revenue,48417.02,55576.33,both,-7159.310000000005,-12.881940927009763,Unfavorable
2023-02,OpEx,IT Software & Licenses,45122.73,52240.78,both,-7118.049999999996,-13.625466541655765,Favorable
2023-12,OpEx,Cloud Services,32489.61,39537.83,both,-7048.220000000001,-17.826522092891796,Favorable
2024-08,Revenue,Service Revenue,427919.16,420936.77,both,6982.389999999956,1.6587740719348314,Favorable
2024-04,Revenue,Product Sales Revenue,651629.38,658556.25,both,-6926.869999999995,-1.0518266283252182,Unfavorable
2023-12,OpEx,Travel & Entertainment,15355.05,22106.94,both,-6751.889999999999,-30.54194746084261,Favorable
2024-09,COGS,Manufacturing Overhead,61389.6,54645.03,both,6744.57,12.342513125164356,Unfavorable
2023-12,OpEx,IT Salaries,99468.84,106200.65,both,-6731.809999999998,-6.3387653465397795,Favorable
2023-03,OpEx,Office Rent,45367.44,52018.44,both,-6651.0,-12.78585055607204,Favorable
2023-08,OpEx,Salaries - Sales,159884.24,166508.14,both,-6623.900000000023,-3.9781238322643104,Favorable
2024-10,Revenue,Other Revenue,48197.47,54781.81,both,-6584.3399999999965,-12.019208565762973,Unfavorable
2024-02,OpEx,IT Salaries,99318.83,105855.79,both,-6536.959999999992,-6.175344778023,Favorable
2024-12,Revenue,Subscription Revenue,248361.63,241835.85,both,6525.779999999999,2.6984336689535477,Favorable
2023-08,OpEx,Advertising,90694.43,97181.67,both,-6487.240000000005,-6.675374070027821,Favorable
2024-12,OpEx,Marketing Expenses,102427.27,95957.32,both,6469.949999999997,6.742528865958321,Unfavorable
2023-11,OpEx,R&D Materials,40500.36,46953.57,both,-6453.209999999999,-13.743811173463486,Favorable
2023-07,OpEx,Advertising,88786.02,95205.53,both,-6419.509999999995,-6.742791096273498,Favorable
2024-10,OpEx,R&D Materials,38761.5,45176.26,both,-6414.760000000002,-14.199404731600184,Favorable
2024-02,COGS,Direct Labor,141287.07,147681.86,both,-6394.789999999979,-4.330112039488113,Favorable
2024-07,Revenue,Other Revenue,49659.73,56042.73,both,-6383.0,-11.389523672383554,Unfavorable
2024-04,OpEx,Advertising,75223.29,81603.63,both,-6380.340000000011,-7.818696300642522,Favorable
2024-01,OpEx,R&D Materials,35360.2,41638.02,both,-6277.82,-15.077133831051526,Favorable
2024-06,OpEx,Professional Fees,27278.16,33540.91,both,-6262.750000000004,-18.67197401620887,Favorable
2024-05,OpEx,Travel & Entertainment,17554.15,23810.66,both,-6256.509999999998,-26.27608810507562,Favorable
2023-04,COGS,Manufacturing Overhead,45762.98,52004.41,both,-6241.43,-12.001732160791748,Favorable
2023-02,OpEx,Office Rent,45477.63,51700.87,both,-6223.240000000005,-12.037012143122553,Favorable
2023-07,OpEx,Office Rent,46719.09,52929.94,both,-6210.850000000006,-11.734096052253234,Favorable
2023-04,OpEx,Commissions,86759.35,92966.27,both,-6206.919999999998,-6.676529024989383,Favorable
2023-02,OpEx,Professional Fees,22330.12,28500.42,both,-6170.299999999999,-21.649856388081297,Favorable
2024-10,OpEx,Office Rent,49744.92,55873.37,both,-6128.450000000004,-10.96846315158725,Favorable
2024-06,OpEx,Commissions,76779.96,82880.73,both,-6100.7699999999895,-7.360902829885776,Favorable
2024-09,OpEx,IT Software & Licenses,45068.38,51150.29,both,-6081.9100000000035,-11.890274717895057,Favorable
2024-10,OpEx,Professional Fees,25378.58,31424.49,both,-6045.91,-19.239484873103745,Favorable
2024-06,OpEx,Advertising,94377.24,88398.19,both,5979.050000000003,6.7637697106694175,Unfavorable
2024-02,OpEx,R&D Materials,30277.55,36254.1,both,-5976.549999999999,-16.4851699531915,Favorable
2024-06,OpEx,Travel & Entertainment,16032.36,21981.62,both,-5949.259999999998,-27.064702237596677,Favorable
2023-01,OpEx,Travel & Entertainment,18301.59,24179.6,both,-5878.009999999998,-24.309790070968912,Favorable
2024-02,Revenue,Service Revenue,376918.39,371093.37,both,5825.020000000019,1.5696912073638012,Favorable
2024-01,OpEx,IT Software & Licenses,47941.97,42170.9,both,5771.07,13.68495811092483,Unfavorable
2024-08,COGS,Manufacturing Overhead,63234.87,57500.13,both,5734.740000000005,9.973438320922066,Unfavorable
2024-07,OpEx,IT Software & Licenses,39250.56,44982.48,both,-5731.9200000000055,-12.742561103789754,Favorable
2024-09,OpEx,Salaries - Sales,161124.1,166840.62,both,-5716.5199999999895,-3.4263358647312567,Favorable
2023-11,OpEx,Office Rent,46917.9,52606.86,both,-5688.959999999999,-10.814102951592243,Favorable
2024-12,Revenue,Other Revenue,49331.81,54986.35,both,-5654.540000000001,-10.283534004348354,Unfavorable
2024-03,Revenue,Other Revenue,48409.12,54048.33,both,-5639.209999999999,-10.433643370664734,Unfavorable
2024-02,Revenue,Other Revenue,48561.7,54184.48,both,-5622.780000000006,-10.377104292594495,Unfavorable
2024-02,OpEx,IT Software & Licenses,46123.5,51689.59,both,-5566.0899999999965,-10.76829976790297,Favorable
2023-05,OpEx,Advertising,60593.35,66104.2,both,-5510.8499999999985,-8.336610986896444,Favorable
2023-04,Revenue,Other Revenue,50493.29,55946.06,both,-5452.769999999997,-9.746477231819357,Unfavorable
2023-01,OpEx,Office Rent,44590.7,49979.4,both,-5388.700000000004,-10.781842118953017,Favorable
2023-11,Revenue,Other Revenue,47602.92,52971.82,both,-5368.9000000000015,-10.135388967190483,Unfavorable
2023-10,Revenue,Other Revenue,51040.36,56378.85,both,-5338.489999999998,-9.468958660916279,Unfavorable
2023-08,OpEx,R&D Materials,39188.62,44521.54,both,-5332.919999999998,-11.97829185603193,Favorable
2023-05,OpEx,R&D Materials,32347.09,37655.29,both,-5308.200000000001,-14.096824111565734,Favorable
2024-04,COGS,Direct Labor,164962.56,170142.65,both,-5180.0899999999965,-3.044557023180253,Favorable
2023-03,OpEx,Cloud Services,52323.07,47154.99,both,5168.080000000002,10.95977329228572,Unfavorable
2023-05,OpEx,Cloud Services,31564.59,36691.41,both,-5126.820000000003,-13.972807259246792,Favorable
2024-10,OpEx,Travel & Entertainment,16381.64,21489.76,both,-5108.119999999999,-23.770018836878585,Favorable
2024-12,OpEx,IT Salaries,99858.07,104933.72,both,-5075.649999999994,-4.837005683206499,Favorable
2023-04,OpEx,R&D Materials,36309.4,41377.53,both,-5068.129999999997,-12.248507825382514,Favorable
2024-03,OpEx,Marketing Expenses,100583.61,95548.76,both,5034.850000000006,5.269403810159343,Unfavorable
2024-08,OpEx,Commissions,98401.76,93448.94,both,4952.819999999992,5.300028015299041,Unfavorable
2023-04,OpEx,Travel & Entertainment,17155.76,22000.51,both,-4844.75,-22.02108042040844,Favorable
2024-10,COGS,Direct Labor,189155.11,193978.52,both,-4823.4100000000035,-2.486569131468785,Favorable
2023-08,OpEx,Cloud Services,28043.41,32834.3,both,-4790.890000000003,-14.591113561123588,Favorable
2023-05,OpEx,IT Software & Licenses,38662.89,43330.4,both,-4667.510000000002,-10.771906098258963,Favorable
2023-12,OpEx,Advertising,88915.3,84264.04,both,4651.260000000009,5.519863514732987,Unfavorable
2023-09,OpEx,Training & Development,13905.15,18538.98,both,-4633.83,-24.995064453384167,Favorable
2024-12,OpEx,Travel & Entertainment,26351.39,21736.72,both,4614.669999999998,21.229835964211702,Unfavorable
2024-08,OpEx,Professional Fees,19737.27,24331.12,both,-4593.8499999999985,-18.880552970845564,Favorable
2023-02,OpEx,R&D Salaries,106848.84,111417.03,both,-4568.190000000002,-4.10008236622355,Favorable
2023-06,OpEx,R&D Materials,30715.2,35272.03,both,-4556.829999999998,-12.919103323511571,Favorable
2024-04,OpEx,Training & Development,12969.88,17511.77,both,-4541.890000000001,-25.9362131869023,Favorable
2023-09,OpEx,IT Software & Licenses,47378.43,51913.26,both,-4534.830000000002,-8.73539823929378,Favorable
2023-04,OpEx,Cloud Services,32748.0,37266.33,both,-4518.330000000002,-12.124429746637249,Favorable
2023-08,Revenue,Other Revenue,51830.88,56285.65,both,-4454.770000000004,-7.914575029336969,Unfavorable
2023-01,OpEx,Professional Fees,19613.86,23951.29,both,-4337.43,-18.109379494799654,Favorable
2023-12,OpEx,Depreciation,23204.07,27539.11,both,-4335.040000000001,-15.741394692856817,Favorable
2024-09,OpEx,Commissions,79702.72,84016.71,both,-4313.990000000005,-5.134680946207016,Favorable
2023-04,OpEx,IT Software & Licenses,36185.01,40495.32,both,-4310.309999999998,-10.643970710689526,Favorable
2024-05,OpEx,Professional Fees,23518.93,27818.59,both,-4299.66,-15.45606732763954,Favorable
2023-11,OpEx,Travel & Entertainment,15762.11,20044.01,both,-4281.899999999998,-21.362491836713303,Favorable
2024-03,OpEx,IT Software & Licenses,39494.2,43766.44,both,-4272.240000000005,-9.761451925265122,Favorable
2024-08,OpEx,R&D Materials,42934.75,47200.66,both,-4265.9100000000035,-9.037818538978064,Favorable
2024-02,OpEx,Training & Development,13695.15,17905.66,both,-4210.51,-23.514966775868636,Favorable
2024-05,OpEx,Cloud Services,33116.06,37290.17,both,-4174.110000000001,-11.19359337863035,Favorable
2023-12,OpEx,IT Software & Licenses,36827.52,40994.8,both,-4167.280000000006,-10.165386829549128,Favorable
2024-06,Revenue,Subscription Revenue,220538.02,224699.42,both,-4161.400000000023,-1.8519851987156988,Unfavorable
2023-12,OpEx,R&D Materials,38194.44,42320.24,both,-4125.799999999996,-9.748999533083925,Favorable
2024-05,OpEx,Utilities,7933.54,12052.2,both,-4118.660000000001,-34.17351188994541,Favorable
2024-04,OpEx,Utilities,9251.15,13361.96,both,-4110.8099999999995,-30.765022496699583,Favorable
2024-04,COGS,Manufacturing Overhead,54987.52,50884.95,both,4102.57,8.06244282445006,Unfavorable
2023-02,OpEx,R&D Materials,41227.68,37140.05,both,4087.6299999999974,11.00598949112884,Unfavorable
2024-07,OpEx,Commissions,86548.97,90631.26,both,-4082.2899999999936,-4.504284724718595,Favorable
2024-12,OpEx,Training & Development,12750.68,16813.76,both,-4063.079999999998,-24.165207544297044,Favorable
2023-07,OpEx,R&D Materials,29590.04,33646.49,both,-4056.449999999997,-12.05608668244443,Favorable
2024-01,OpEx,Office Rent,47555.65,51593.39,both,-4037.739999999998,-7.826080046300501,Favorable
2023-11,OpEx,Cloud Services,30704.53,34728.15,both,-4023.6200000000026,-11.586047629948622,Favorable
2023-07,Revenue,Other Revenue,47790.42,51807.86,both,-4017.4400000000023,-7.754499027753709,Unfavorable
2023-07,OpEx,Depreciation,22671.06,26616.73,both,-3945.6699999999983,-14.824022334824743,Favorable
2024-05,OpEx,IT Salaries,95889.97,99819.78,both,-3929.8099999999977,-3.9369050903538336,Favorable
2023-06,Revenue,Other Revenue,48279.97,52193.55,both,-3913.5800000000017,-7.4982061959763255,Unfavorable
2024-08,OpEx,Marketing Expenses,92833.04,88928.31,both,3904.729999999996,4.39087395228808,Unfavorable
2023-01,OpEx,Depreciation,21925.6,25774.47,both,-3848.8700000000026,-14.932877378273938,Favorable
2024-02,OpEx,R&D Salaries,115449.18,119282.88,both,-3833.7000000000116,-3.213956604669515,Favorable
2024-11,OpEx,Advertising,84391.77,88200.45,both,-3808.679999999993,-4.318209260837097,Favorable
2024-09,Revenue,Other Revenue,50559.26,54296.75,both,-3737.489999999998,-6.883450666936783,Unfavorable
2024-12,COGS,Manufacturing Overhead,75646.62,79375.84,both,-3729.220000000001,-4.698180201935503,Favorable
2024-05,OpEx,R&D Materials,33990.32,37615.22,both,-3624.9000000000015,-9.636790639533682,Favorable
2023-03,OpEx,Travel & Entertainment,17040.68,20640.6,both,-3599.9199999999983,-17.440965863395437,Favorable
2023-07,OpEx,Cloud Services,32573.83,36064.53,both,-3490.699999999997,-9.679039211102978,Favorable
2024-07,OpEx,Cloud Services,31810.76,35240.92,both,-3430.16,-9.733457582832685,Favorable
2024-05,OpEx,Training & Development,13566.88,16993.87,both,-3426.99,-20.166036341339556,Favorable
2023-10,OpEx,Depreciation,22922.18,26325.95,both,-3403.7700000000004,-12.929333984148721,Favorable
2023-09,OpEx,Professional Fees,32902.66,36271.2,both,-3368.5399999999936,-9.287092789871837,Favorable
2023-06,OpEx,Travel & Entertainment,25145.78,21783.88,both,3361.899999999998,15.432971536751017,Unfavorable
2023-05,OpEx,Depreciation,22572.31,25922.95,both,-3350.6399999999994,-12.925380791923757,Favorable
2023-11,OpEx,R&D Salaries,123843.73,120494.24,both,3349.4899999999907,2.7797926274318097,Unfavorable
2024-11,Revenue,Other Revenue,48960.72,52301.62,both,-3340.9000000000015,-6.387756249232818,Unfavorable
2024-12,OpEx,Office Rent,50333.46,53673.66,both,-3340.2000000000044,-6.223164211272352,Favorable
2023-05,OpEx,R&D Salaries,104905.65,108211.55,both,-3305.9000000000087,-3.055034328590625,Favorable
2023-07,OpEx,Travel & Entertainment,21105.66,24406.02,both,-3300.3600000000006,-13.522729228280566,Favorable
2023-03,OpEx,Depreciation,22101.72,25285.47,both,-3183.75,-12.59122333893734,Favorable
2023-09,OpEx,Travel & Entertainment,14857.57,18027.69,both,-3170.119999999999,-17.584726606681162,Favorable
2023-09,OpEx,Depreciation,22981.07,26101.29,both,-3120.220000000001,-11.954275056903322,Favorable
2024-09,OpEx,R&D Materials,46029.24,42929.87,both,3099.3699999999953,7.2196118926053,Unfavorable
2024-07,OpEx,Advertising,95366.03,98426.68,both,-3060.649999999994,-3.1095735424581976,Favorable
2023-02,OpEx,Marketing Expenses,116085.2,119142.42,both,-3057.220000000001,-2.566021405306356,Favorable
2024-07,OpEx,R&D Materials,37261.04,34221.37,both,3039.6699999999983,8.882373791581102,Unfavorable
2023-07,OpEx,Training & Development,17199.34,20229.33,both,-3029.9900000000016,-14.97820244170223,Favorable
2024-01,COGS,Manufacturing Overhead,49888.01,46920.64,both,2967.3700000000026,6.32423172403446,Unfavorable
2024-01,COGS,Direct Labor,149664.03,146708.85,both,2955.179999999993,2.0143161097643345,Unfavorable
2024-07,OpEx,Salaries - Admin,127988.33,130941.78,both,-2953.449999999997,-2.2555444106533433,Favorable
2023-02,OpEx,Cloud Services,28519.38,31399.1,both,-2879.7199999999975,-9.171345675512985,Favorable
2023-11,OpEx,Salaries - Admin,129012.9,131869.87,both,-2856.970000000001,-2.1665070269652964,Favorable
2023-03,OpEx,IT Software & Licenses,45997.27,48814.64,both,-2817.3700000000026,-5.771567710014869,Favorable
2024-05,OpEx,R&D Salaries,111333.67,108532.37,both,2801.300000000003,2.581073277953852,Unfavorable
2024-11,OpEx,Travel & Entertainment,24270.97,21477.17,both,2793.800000000003,13.008231531435488,Unfavorable
2024-11,OpEx,Salaries - Admin,132605.71,135376.28,both,-2770.570000000007,-2.046569753578697,Favorable
2024-06,OpEx,Cloud Services,30332.48,33067.19,both,-2734.7100000000028,-8.270161450065768,Favorable
2024-10,OpEx,Salaries - Admin,131560.71,128834.34,both,2726.3699999999953,2.116182688559584,Unfavorable
2023-03,OpEx,IT Salaries,90859.99,93578.41,both,-2718.4199999999983,-2.9049649379595124,Favorable
2023-12,OpEx,Training & Development,19401.13,16730.02,both,2671.1100000000006,15.96597015424967,Unfavorable
2024-07,COGS,Manufacturing Overhead,60893.4,58266.07,both,2627.3300000000017,4.509193772636462,Unfavorable
2023-02,OpEx,Travel & Entertainment,21712.45,24318.74,both,-2606.290000000001,-10.717208210622758,Favorable
2024-10,Revenue,Subscription Revenue,238717.45,236121.77,both,2595.680000000022,1.0992971973740593,Favorable
2024-11,OpEx,Marketing Expenses,123418.46,120824.23,both,2594.2300000000105,2.1471107243969283,Unfavorable
2023-05,OpEx,Travel & Entertainment,26189.65,23639.32,both,2550.3300000000017,10.788508298885086,Unfavorable
2023-08,OpEx,Training & Development,15324.01,17827.23,both,-2503.2199999999993,-14.041553286741685,Favorable
2024-08,Revenue,Subscription Revenue,229447.76,231950.39,both,-2502.6300000000047,-1.0789505462784539,Unfavorable
2023-01,OpEx,Salaries - Sales,150700.65,153202.34,both,-2501.6900000000023,-1.6329319774097462,Favorable
2024-12,OpEx,IT Software & Licenses,43452.78,45947.37,both,-2494.590000000004,-5.429233490404355,Favorable
2024-10,OpEx,Marketing Expenses,106142.95,108571.42,both,-2428.470000000001,-2.236748860795964,Favorable
2023-10,OpEx,Cloud Services,28296.48,30715.89,both,-2419.41,-7.876737415064319,Favorable
2023-09,OpEx,Advertising,91947.29,94349.32,both,-2402.0300000000134,-2.5458901028645604,Favorable
2024-05,OpEx,Advertising,65661.11,63274.18,both,2386.9300000000003,3.772360226556868,Unfavorable
2024-07,OpEx,Office Supplies,5618.36,7999.81,both,-2381.4500000000007,-29.76883200976024,Favorable
2023-02,COGS,Manufacturing Overhead,43299.23,45673.88,both,-2374.649999999994,-5.199142266871118,Favorable
2023-03,OpEx,R&D Materials,32214.74,34588.23,both,-2373.4900000000016,-6.862132002707283,Favorable
2023-12,OpEx,Professional Fees,26830.31,29176.02,both,-2345.709999999999,-8.039856018744157,Favorable
2024-10,OpEx,R&D Salaries,113639.93,115980.54,both,-2340.6100000000006,-2.0181057960240576,Favorable
2024-11,Revenue,Service Revenue,454153.7,451830.01,both,2323.6900000000023,0.5142841220307616,Favorable
2024-05,OpEx,Salaries - Admin,130448.45,132758.33,both,-2309.87999999999,-1.7399134201221047,Favorable
2023-11,OpEx,Professional Fees,31339.18,29059.49,both,2279.6899999999987,7.844907119842773,Unfavorable
2024-10,OpEx,Training & Development,14190.08,16466.31,both,-2276.2300000000014,-13.823558526470114,Favorable
2024-12,OpEx,Depreciation,24587.12,26858.09,both,-2270.970000000001,-8.455441172473549,Favorable
2024-06,OpEx,Training & Development,14845.35,17115.86,both,-2270.51,-13.265532669699331,Favorable
2024-10,OpEx,Depreciation,24199.44,26462.46,both,-2263.0200000000004,-8.551812643268995,Favorable
2024-08,OpEx,IT Salaries,97111.82,94857.29,both,2254.5300000000134,2.376759867375521,Unfavorable
2024-11,COGS,Manufacturing Overhead,71921.48,69689.9,both,2231.5800000000017,3.2021569840105983,Unfavorable
2024-06,Revenue,Other Revenue,50123.78,52346.91,both,-2223.1300000000047,-4.246917344309348,Unfavorable
2023-02,OpEx,Depreciation,22287.29,24477.9,both,-2190.6100000000006,-8.949337974254329,Favorable
2023-05,OpEx,Utilities,13317.8,11132.55,both,2185.25,19.6293751207046,Unfavorable
2023-08,OpEx,Office Rent,46269.87,48431.67,both,-2161.7999999999956,-4.463608213385984,Favorable
2023-01,OpEx,Marketing Expenses,117579.96,115429.46,both,2150.5,1.8630425889543274,Unfavorable
2024-05,OpEx,Depreciation,23582.34,25655.71,both,-2073.369999999999,-8.081514797290735,Favorable
2023-08,OpEx,Depreciation,22747.2,24799.59,both,-2052.3899999999994,-8.275902948395515,Favorable
2024-06,OpEx,R&D Materials,35531.18,37583.0,both,-2051.8199999999997,-5.459436447329908,Favorable
2024-01,OpEx,Professional Fees,28325.55,26273.91,both,2051.6399999999994,7.808658855876417,Unfavorable
2024-12,OpEx,Commissions,93838.01,95886.19,both,-2048.1800000000076,-2.1360531688661397,Favorable
2023-05,OpEx,Insurance,12314.4,14355.68,both,-2041.2800000000007,-14.219319461007773,Favorable
2024-07,OpEx,Depreciation,23877.1,25915.3,both,-2038.2000000000007,-7.864852037213541,Favorable
2023-06,OpEx,IT Software & Licenses,36940.77,38975.9,both,-2035.1300000000047,-5.221508675874078,Favorable
2023-12,OpEx,Office Rent,47301.41,49328.8,both,-2027.3899999999994,-4.109951995588782,Favorable
2024-01,OpEx,Travel & Entertainment,25571.84,23545.55,both,2026.2900000000009,8.605829976364966,Unfavorable
2023-05,Revenue,Other Revenue,48280.09,50291.46,both,-2011.3700000000026,-3.9994265427967344,Unfavorable
2024-03,COGS,Manufacturing Overhead,55501.98,53538.16,both,1963.8199999999997,3.6680752569755843,Unfavorable
2023-12,Revenue,Other Revenue,52349.55,54284.1,both,-1934.5499999999956,-3.563750711534309,Unfavorable
2024-03,Revenue,Subscription Revenue,207817.91,205936.91,both,1881.0,0.9133865318266647,Favorable
2024-07,OpEx,IT Salaries,99827.32,98009.41,both,1817.9100000000035,1.8548321023460945,Unfavorable
2024-02,OpEx,Cloud Services,32369.76,30558.43,both,1811.329999999998,5.92743148126392,Unfavorable
2024-11,OpEx,R&D Materials,43576.03,45369.95,both,-1793.9199999999983,-3.953982757309625,Favorable
2023-11,OpEx,Depreciation,23302.52,25094.0,both,-1791.4799999999996,-7.139077070215986,Favorable
2024-02,OpEx,Commissions,98064.78,96276.11,both,1788.6699999999983,1.8578544563131998,Unfavorable
2024-09,OpEx,Professional Fees,30961.6,32743.24,both,-1781.640000000003,-5.441245276887696,Favorable
2023-08,OpEx,Utilities,8364.21,10122.39,both,-1758.1800000000003,-17.369218139194402,Favorable
2023-12,OpEx,Utilities,7978.47,9728.56,both,-1750.0899999999992,-17.98919881256835,Favorable
2023-04,OpEx,Depreciation,22389.44,24138.72,both,-1749.2800000000025,-7.246780276667539,Favorable
2024-04,OpEx,Travel & Entertainment,21670.78,19921.58,both,1749.199999999997,8.780428058417037,Unfavorable
2024-04,OpEx,Professional Fees,21808.17,23557.14,both,-1748.9700000000012,-7.424373247346669,Favorable
2023-02,OpEx,Training & Development,17366.81,15617.95,both,1748.8600000000006,11.197756427700181,Unfavorable
2024-04,OpEx,IT Software & Licenses,41367.54,39653.72,both,1713.8199999999997,4.321965253196925,Unfavorable
2023-04,OpEx,Utilities,14765.48,13052.45,both,1713.0299999999988,13.124202735884824,Unfavorable
2023-01,OpEx,R&D Materials,38797.78,40493.28,both,-1695.5,-4.187114503937443,Favorable
2024-02,OpEx,Office Rent,47614.22,49306.92,both,-1692.699999999997,-3.432986688278232,Favorable
2024-04,OpEx,Depreciation,23687.44,25371.0,both,-1683.5600000000013,-6.635765243782277,Favorable
2024-08,OpEx,Insurance,13023.64,14692.86,both,-1669.2200000000012,-11.360756176809696,Favorable
2024-06,OpEx,R&D Salaries,120101.33,121752.93,both,-1651.5999999999913,-1.3565176624496769,Favorable
2024-06,OpEx,Salaries - Admin,127766.21,129383.8,both,-1617.5899999999965,-1.250226071579283,Favorable
2023-07,OpEx,IT Software & Licenses,45194.65,43583.3,both,1611.3499999999985,3.6971729997499008,Unfavorable
2024-06,OpEx,Salaries - Sales,161465.14,163065.18,both,-1600.039999999979,-0.9812272613932533,Favorable
2023-02,Revenue,Other Revenue,52253.57,50654.49,both,1599.0800000000017,3.1568376268322944,Favorable
2024-05,OpEx,Office Rent,48926.33,50508.17,both,-1581.8399999999965,-3.13184975816783,Favorable
2024-12,OpEx,Professional Fees,24031.73,25608.84,both,-1577.1100000000006,-6.158459344507602,Favorable
2024-08,OpEx,Depreciation,24212.89,25784.88,both,-1571.9900000000016,-6.096557362299152,Favorable
2024-04,Revenue,Subscription Revenue,211974.26,210402.62,both,1571.640000000014,0.7469678847155107,Favorable
2024-12,OpEx,Cloud Services,36504.64,34961.93,both,1542.7099999999991,4.412542442593985,Unfavorable
2023-04,OpEx,Professional Fees,23650.55,25169.21,both,-1518.6599999999999,-6.033800822512903,Favorable
2023-08,OpEx,Travel & Entertainment,15710.16,17228.26,both,-1518.0999999999985,-8.81168498734056,Favorable
2024-03,OpEx,Salaries - Admin,129441.29,130931.22,both,-1489.9300000000076,-1.1379486114923603,Favorable
2023-05,OpEx,IT Salaries,93173.63,94658.77,both,-1485.1399999999994,-1.5689407331196035,Favorable
2024-11,OpEx,Training & Development,13335.34,14800.52,both,-1465.1800000000003,-9.899517043995754,Favorable
2024-05,Revenue,Subscription Revenue,216213.75,214766.44,both,1447.3099999999977,0.6738995161441413,Favorable
2023-11,OpEx,Training & Development,16220.23,14792.33,both,1427.8999999999996,9.652975562335344,Unfavorable
2024-09,OpEx,Utilities,7962.72,9390.02,both,-1427.3000000000002,-15.200180617293682,Favorable
2024-09,OpEx,Depreciation,24277.24,25693.66,both,-1416.4199999999983,-5.512721815420607,Favorable
2024-08,OpEx,Office Rent,49453.48,48038.6,both,1414.8800000000047,2.945298156066173,Unfavorable
2024-12,OpEx,Insurance,13335.52,14735.26,both,-1399.7399999999998,-9.499255527218384,Favorable
2024-04,OpEx,Cloud Services,32038.12,33430.49,both,-1392.369999999999,-4.1649703608891135,Favorable
2024-03,OpEx,R&D Materials,35165.46,33773.48,both,1391.979999999996,4.121517829965985,Unfavorable
2023-06,OpEx,Depreciation,22490.29,23871.76,both,-1381.4699999999975,-5.787047121787407,Favorable
2024-03,Revenue,Service Revenue,383248.87,384629.55,both,-1380.679999999993,-0.35896357937136997,Unfavorable
2024-11,OpEx,Cloud Services,31556.27,32914.68,both,-1358.4099999999999,-4.127064276486965,Favorable
2024-08,OpEx,Travel & Entertainment,18364.7,17008.09,both,1356.6100000000006,7.9762630606964136,Unfavorable
2024-11,OpEx,Office Rent,49680.07,51017.6,both,-1337.5299999999988,-2.6217030985385414,Favorable
2023-02,OpEx,Insurance,11835.92,13167.53,both,-1331.6100000000006,-10.1128305764255,Favorable
2023-01,OpEx,Utilities,7821.88,9142.98,both,-1321.0999999999995,-14.449337087032887,Favorable
2024-09,OpEx,Insurance,13321.97,14624.29,both,-1302.3200000000015,-8.905184456818084,Favorable
2024-11,OpEx,IT Software & Licenses,47347.74,46045.52,both,1302.2200000000012,2.8281144397978375,Unfavorable
2024-01,OpEx,Training & Development,15663.41,16960.04,both,-1296.630000000001,-7.645206025457493,Favorable
2024-10,OpEx,Insurance,13234.94,14518.26,both,-1283.3199999999997,-8.839351272122139,Favorable
2024-03,OpEx,Depreciation,23342.01,24602.19,both,-1260.1800000000003,-5.122226923700697,Favorable
2024-05,Revenue,Other Revenue,49021.21,50279.55,both,-1258.3400000000038,-2.502687474331023,Unfavorable
2023-03,OpEx,Utilities,7464.47,8719.29,both,-1254.8200000000006,-14.391309384135639,Favorable
2023-09,OpEx,Office Supplies,4969.78,6209.52,both,-1239.7400000000007,-19.96515028536828,Favorable
2023-02,OpEx,Office Supplies,4071.77,5307.4,both,-1235.6299999999997,-23.281267664016276,Favorable
2023-07,OpEx,Office Supplies,9204.83,7991.54,both,1213.29,15.182180155514455,Unfavorable
2023-10,OpEx,R&D Materials,43180.06,44352.82,both,-1172.760000000002,-2.6441610702543876,Favorable
2023-03,OpEx,Insurance,12127.11,13297.43,both,-1170.3199999999997,-8.801099159762447,Favorable
2024-03,OpEx,Salaries - Sales,162069.3,160904.66,both,1164.6399999999849,0.7238075019082635,Unfavorable
2024-05,OpEx,Insurance,12936.54,14070.79,both,-1134.25,-8.061025713552686,Favorable
2024-03,OpEx,Office Supplies,4836.41,5961.89,both,-1125.4800000000005,-18.87790616733956,Favorable
2024-12,OpEx,R&D Materials,38886.84,40002.96,both,-1116.1200000000026,-2.790093533078559,Favorable
2024-08,OpEx,Salaries - Sales,162540.59,163651.13,both,-1110.5400000000081,-0.6786020970341043,Favorable
2023-03,OpEx,Training & Development,15067.62,16172.71,both,-1105.0899999999983,-6.833053953233555,Favorable
2024-03,OpEx,Advertising,91702.94,90627.93,both,1075.0100000000093,1.1861795806215694,Unfavorable
2024-03,OpEx,Insurance,13096.74,14170.66,both,-1073.92,-7.578475526192853,Favorable
2024-05,OpEx,IT Software & Licenses,45132.84,44075.92,both,1056.9199999999983,2.3979533495840775,Unfavorable
2023-09,OpEx,Cloud Services,44440.31,45460.09,both,-1019.7799999999988,-2.243242369295791,Favorable
2023-01,OpEx,Office Supplies,5657.48,6675.18,both,-1017.7000000000007,-15.246030818644602,Favorable
2024-08,OpEx,Training & Development,18254.25,19264.02,both,-1009.7700000000004,-5.241740820451808,Favorable
2024-09,OpEx,Marketing Expenses,113824.24,114823.96,both,-999.7200000000012,-0.8706545219307896,Favorable
2023-12,OpEx,Insurance,12436.51,13408.39,both,-971.8799999999992,-7.248297521178898,Favorable
2024-07,OpEx,Office Rent,49532.97,48562.81,both,970.1600000000035,1.997742717112135,Unfavorable
2023-12,OpEx,Office Supplies,4248.33,5215.89,both,-967.5600000000004,-18.55023783093586,Favorable
2024-01,OpEx,Cloud Services,33801.67,34752.9,both,-951.2300000000032,-2.737124096118606,Favorable
2023-09,OpEx,Insurance,12465.15,13403.59,both,-938.4400000000005,-7.001407831782385,Favorable
2024-01,OpEx,Insurance,12959.04,13885.39,both,-926.3499999999985,-6.671400659254069,Favorable
2023-06,OpEx,Insurance,12200.85,13108.77,both,-907.9200000000001,-6.926050270162647,Favorable
2023-01,OpEx,Insurance,11894.85,12799.89,both,-905.039999999999,-7.070685763705775,Favorable
2024-03,OpEx,Training & Development,13430.82,14330.23,both,-899.4099999999999,-6.2763123829833845,Favorable
2023-11,OpEx,Office Supplies,4415.16,5307.7,both,-892.54,-16.815946643555588,Favorable
2024-11,OpEx,Insurance,13416.84,14272.0,both,-855.1599999999999,-5.991872197309416,Favorable
2024-10,COGS,Manufacturing Overhead,63051.7,62208.76,both,842.939999999995,1.3550181678593096,Unfavorable
2023-10,OpEx,Insurance,12673.74,13507.6,both,-833.8600000000006,-6.173265420948211,Favorable
2024-06,COGS,Manufacturing Overhead,63667.37,62843.47,both,823.9000000000015,1.3110351799478952,Unfavorable
2023-11,OpEx,Utilities,8844.95,9668.6,both,-823.6499999999996,-8.518813478683569,Favorable
2024-06,OpEx,Utilities,8813.79,9637.16,both,-823.369999999999,-8.543699596146572,Favorable
2024-07,COGS,Direct Labor,182680.19,183501.91,both,-821.7200000000012,-0.44779915369818285,Favorable
2023-10,OpEx,Professional Fees,32450.54,31651.79,both,798.75,2.523553960139379,Unfavorable
2024-10,OpEx,Office Supplies,4816.34,5613.86,both,-797.5199999999995,-14.20626805798505,Favorable
2023-10,OpEx,Salaries - Sales,162744.7,163524.28,both,-779.5799999999872,-0.4767365433438919,Favorable
2024-01,Revenue,Service Revenue,393121.07,392354.8,both,766.2700000000186,0.19530027413963552,Favorable
2024-02,OpEx,Professional Fees,29393.46,28627.96,both,765.5,2.6739593041208662,Unfavorable
2024-03,OpEx,Office Rent,48620.73,47858.9,both,761.8300000000017,1.5918251359726232,Unfavorable
2024-08,OpEx,Office Supplies,4717.91,5464.53,both,-746.6199999999999,-13.663023169421706,Favorable
2024-03,OpEx,Travel & Entertainment,21082.07,21824.39,both,-742.3199999999997,-3.4013321792728215,Favorable
2023-05,OpEx,Office Supplies,5199.42,5914.53,both,-715.1099999999997,-12.090732484237964,Favorable
2023-07,OpEx,Utilities,8036.26,8750.53,both,-714.2700000000004,-8.162591294470168,Favorable
2024-10,OpEx,Utilities,8767.8,9475.93,both,-708.130000000001,-7.472934055021523,Favorable
2023-03,OpEx,Professional Fees,23180.16,23881.57,both,-701.4099999999999,-2.9370347091920666,Favorable
2023-07,OpEx,Insurance,12383.09,13071.97,both,-688.8799999999992,-5.269901935209454,Favorable
2023-02,OpEx,Utilities,8077.89,8765.29,both,-687.4000000000005,-7.842296147646005,Favorable
2023-03,Revenue,Other Revenue,51159.97,50495.93,both,664.0400000000009,1.315036677213393,Favorable
2023-06,OpEx,Training & Development,16892.3,17527.82,both,-635.5200000000004,-3.6257789046213413,Favorable
2024-02,OpEx,Salaries - Admin,125980.85,125351.16,both,629.6900000000023,0.5023407840820957,Unfavorable
2024-05,OpEx,Salaries - Sales,158408.28,159021.42,both,-613.140000000014,-0.38557069858891585,Favorable
2023-01,OpEx,Training & Development,17723.28,17112.7,both,610.5799999999981,3.5679933616553674,Unfavorable
2024-06,OpEx,Depreciation,23778.41,24385.44,both,-607.0299999999988,-2.4893132951466073,Favorable
2024-06,Revenue,Service Revenue,421112.38,420508.54,both,603.8400000000256,0.14359755927906379,Favorable
2023-04,OpEx,Training & Development,18248.8,17646.62,both,602.1800000000003,3.4124381892963087,Unfavorable
2024-11,OpEx,Depreciation,24565.38,25160.48,both,-595.0999999999985,-2.3652171977641068,Favorable
2023-04,OpEx,Office Supplies,4519.79,5112.05,both,-592.2600000000002,-11.585567433808357,Favorable
2023-06,OpEx,Professional Fees,31028.77,30441.13,both,587.6399999999994,1.9304145411159157,Unfavorable
2024-09,OpEx,Training & Development,19578.31,18991.02,both,587.2900000000009,3.0924615950064864,Unfavorable
2023-05,OpEx,Commissions,91321.26,91905.72,both,-584.4600000000064,-0.635934303109759,Favorable
2023-04,OpEx,Insurance,12021.35,12581.46,both,-560.1099999999988,-4.451868066186268,Favorable
2023-09,Revenue,Other Revenue,50505.58,51051.12,both,-545.5400000000009,-1.0686151449762529,Unfavorable
2024-07,OpEx,Training & Development,18393.87,17854.9,both,538.9699999999975,3.018611137558863,Unfavorable
2024-08,OpEx,Cloud Services,30328.74,29795.01,both,533.7300000000032,1.791340227776407,Unfavorable
2023-10,OpEx,Utilities,9084.57,9617.31,both,-532.7399999999998,-5.5393867931885294,Favorable
2024-10,OpEx,Cloud Services,30862.47,31388.32,both,-525.8499999999985,-1.6753046993276435,Favorable
2024-01,OpEx,Office Supplies,6176.02,6689.2,both,-513.1799999999994,-7.671769419362545,Favorable
2024-01,OpEx,Utilities,8800.22,9299.4,both,-499.1800000000003,-5.3678731961201835,Favorable
2023-06,OpEx,Utilities,8083.54,8574.55,both,-491.0099999999993,-5.726364648873695,Favorable
2024-04,OpEx,Insurance,13070.15,12633.64,both,436.5100000000002,3.455140402924258,Unfavorable
2023-10,OpEx,Travel & Entertainment,21831.35,21405.5,both,425.84999999999854,1.9894419658498914,Unfavorable
2024-01,Revenue,Other Revenue,51662.21,52086.73,both,-424.5200000000041,-0.815025247313479,Unfavorable
2023-06,OpEx,Cloud Services,31185.95,30768.91,both,417.0400000000009,1.355394129983808,Unfavorable
2023-08,OpEx,Insurance,12650.05,13066.61,both,-416.5600000000013,-3.187973009066631,Favorable
2023-11,OpEx,Insurance,12709.35,13124.55,both,-415.1999999999989,-3.163537035555496,Favorable
2024-09,OpEx,Travel & Entertainment,17068.79,17476.66,both,-407.869999999999,-2.33379833446436,Favorable
2024-05,OpEx,Office Supplies,5592.75,6000.6,both,-407.85000000000036,-6.796820317968209,Favorable
2024-08,OpEx,Utilities,9461.61,9062.04,both,399.5699999999997,4.409272084431317,Unfavorable
2024-05,COGS,Manufacturing Overhead,54497.45,54896.82,both,-399.3700000000026,-0.7274920478089671,Favorable
2023-11,OpEx,Commissions,91356.34,91754.67,both,-398.33000000000175,-0.43412504235479427,Favorable
2024-12,OpEx,Utilities,9634.91,10030.29,both,-395.380000000001,-3.9418601057397242,Favorable
2024-07,OpEx,Travel & Entertainment,21334.66,21727.32,both,-392.65999999999985,-1.8072178253001285,Favorable
2024-03,OpEx,Commissions,84059.77,84447.17,both,-387.3999999999942,-0.4587483511880791,Favorable
2024-11,OpEx,Office Supplies,5276.66,4889.66,both,387.0,7.914660733057105,Unfavorable
2024-07,OpEx,Insurance,12905.33,13283.73,both,-378.39999999999964,-2.8485974948301394,Favorable
2024-02,OpEx,Office Supplies,5696.07,5333.26,both,362.8099999999995,6.8027810382392655,Unfavorable
2024-09,OpEx,Office Supplies,6459.46,6099.73,both,359.7300000000005,5.897474150495194,Unfavorable
2023-07,OpEx,Commissions,91488.83,91138.25,both,350.58000000000175,0.3846683472636371,Unfavorable
2023-09,OpEx,Utilities,9056.9,9397.28,both,-340.380000000001,-3.6221119302606817,Favorable
2023-10,OpEx,Training & Development,15278.25,14945.59,both,332.65999999999985,2.22580707753926,Unfavorable
2024-04,OpEx,R&D Materials,40873.9,40542.89,both,331.01000000000204,0.8164440176810337,Unfavorable
2024-12,OpEx,Office Supplies,5230.06,4909.09,both,320.97000000000025,6.538278988570188,Unfavorable
2024-03,OpEx,IT Salaries,92798.33,93111.96,both,-313.63000000000466,-0.33683105800802027,Favorable
2023-08,OpEx,Professional Fees,26727.45,26426.29,both,301.15999999999985,1.139622701484014,Unfavorable
2024-02,OpEx,Utilities,8709.09,9006.97,both,-297.8799999999992,-3.3072165223154872,Favorable
2023-06,OpEx,Office Supplies,6076.41,6368.93,both,-292.52000000000044,-4.592922202002541,Favorable
2024-08,COGS,Direct Labor,189704.6,189974.97,both,-270.36999999999534,-0.14231874862251345,Favorable
2024-03,OpEx,Professional Fees,24020.16,24285.12,both,-264.9599999999991,-1.0910384630588572,Favorable
2024-01,OpEx,Depreciation,23232.57,22967.82,both,264.75,1.1526997338014666,Unfavorable
2024-06,OpEx,IT Software & Licenses,38426.45,38663.53,both,-237.08000000000175,-0.6131876732414286,Favorable
2024-07,OpEx,Utilities,7972.49,8198.38,both,-225.88999999999942,-2.75530043740348,Favorable
2024-02,OpEx,Travel & Entertainment,22859.0,23079.59,both,-220.59000000000015,-0.9557795437440619,Favorable
2023-08,OpEx,Office Supplies,5508.38,5314.26,both,194.1199999999999,3.6528133738281507,Unfavorable
2024-03,OpEx,Utilities,9297.55,9109.22,both,188.32999999999993,2.0674657105657777,Unfavorable
2024-06,OpEx,Office Supplies,6016.26,6202.33,both,-186.0699999999997,-3.0000016122973094,Favorable
2023-05,OpEx,Professional Fees,28746.34,28602.13,both,144.20999999999913,0.504193219176331,Unfavorable
2023-10,OpEx,Office Supplies,5079.03,4940.29,both,138.73999999999978,2.8083371623932964,Unfavorable
2024-02,COGS,Manufacturing Overhead,47095.69,46999.32,both,96.37000000000262,0.2050455198075262,Unfavorable
2023-06,OpEx,IT Salaries,96289.18,96385.37,both,-96.19000000000233,-0.09979730326293537,Favorable
2024-02,OpEx,Insurance,12719.42,12810.97,both,-91.54999999999927,-0.7146219216811786,Favorable
2024-04,OpEx,Office Supplies,4435.44,4523.99,both,-88.55000000000018,-1.9573429649490868,Favorable
2023-04,OpEx,Marketing Expenses,106871.62,106786.45,both,85.16999999999825,0.07975731003324696,Unfavorable
2024-06,OpEx,Insurance,12942.07,13010.37,both,-68.30000000000109,-0.5249658541609584,Favorable
2023-03,OpEx,Office Supplies,5943.7,5877.65,both,66.05000000000018,1.123748436875285,Unfavorable
2024-08,OpEx,IT Software & Licenses,47306.24,47254.67,both,51.56999999999971,0.10913207096780005,Unfavorable
2023-05,OpEx,Training & Development,18299.16,18249.73,both,49.43000000000029,0.27085332221353575,Unfavorable
2024-11,OpEx,Utilities,9536.83,9496.9,both,39.93000000000029,0.4204529899230306,Unfavorable
2024-02,OpEx,Depreciation,23224.3,23209.61,both,14.68999999999869,0.06329274813320297,Unfavorable
