TransactionID,Date,AccountCode,Amount,Department,CostCenter,Year,Quarter,Month,MonthName,YearMonth,YearQuarter
TXN-000001,2023-01-01,4000,419667.96,Sales,CC-S001,2023,1,1,January,2023-01,2023-Q1
TXN-000002,2023-01-01,4100,296236.2,Sales,CC-S001,2023,1,1,January,2023-01,2023-Q1
TXN-000003,2023-01-01,4200,157500.0,Sales,CC-S001,2023,1,1,January,2023-01,2023-Q1
TXN-000004,2023-01-01,4900,49372.7,Finance,CC-F001,2023,1,1,January,2023-01,2023-Q1
TXN-000097,2023-01-01,5000,234091.97,Operations,CC-O001,2023,1,1,January,2023-01,2023-Q1
TXN-000098,2023-01-01,5100,117045.99,Operations,CC-O001,2023,1,1,January,2023-01,2023-Q1
TXN-000099,2023-01-01,5200,39015.33,Operations,CC-O002,2023,1,1,January,2023-01,2023-Q1
TXN-000169,2023-01-01,6000,150700.65,Sales,CC-S001,2023,1,1,January,2023-01,2023-Q1
TXN-000170,2023-01-01,6010,91270.03,Sales,CC-S002,2023,1,1,January,2023-01,2023-Q1
TXN-000171,2023-01-01,6020,117579.96,Marketing,CC-M001,2023,1,1,January,2023-01,2023-Q1
TXN-000172,2023-01-01,6030,78671.25,Marketing,CC-M001,2023,1,1,January,2023-01,2023-Q1
TXN-000173,2023-01-01,6100,117037.15,Finance,CC-F001,2023,1,1,January,2023-01,2023-Q1
TXN-000174,2023-01-01,6110,44590.7,Finance,CC-F001,2023,1,1,January,2023-01,2023-Q1
TXN-000175,2023-01-01,6120,7821.88,Finance,CC-F001,2023,1,1,January,2023-01,2023-Q1
TXN-000176,2023-01-01,6130,5657.48,Finance,CC-F001,2023,1,1,January,2023-01,2023-Q1
TXN-000177,2023-01-01,6140,11894.85,Finance,CC-F001,2023,1,1,January,2023-01,2023-Q1
TXN-000178,2023-01-01,6150,19613.86,Finance,CC-F001,2023,1,1,January,2023-01,2023-Q1
TXN-000179,2023-01-01,6200,34894.61,IT,CC-I001,2023,1,1,January,2023-01,2023-Q1
TXN-000180,2023-01-01,6210,92450.2,IT,CC-I001,2023,1,1,January,2023-01,2023-Q1
TXN-000181,2023-01-01,6220,27033.13,IT,CC-I001,2023,1,1,January,2023-01,2023-Q1
TXN-000182,2023-01-01,6300,113640.69,R&D,CC-R001,2023,1,1,January,2023-01,2023-Q1
TXN-000183,2023-01-01,6310,38797.78,R&D,CC-R001,2023,1,1,January,2023-01,2023-Q1
TXN-000184,2023-01-01,6400,18301.59,Sales,CC-S002,2023,1,1,January,2023-01,2023-Q1
TXN-000185,2023-01-01,6410,17723.28,HR,CC-H001,2023,1,1,January,2023-01,2023-Q1
TXN-000186,2023-01-01,6420,21925.6,Finance,CC-F001,2023,1,1,January,2023-01,2023-Q1
TXN-000005,2023-02-01,4000,453038.47,Sales,CC-S002,2023,1,2,February,2023-02,2023-Q1
TXN-000006,2023-02-01,4100,319791.86,Sales,CC-S001,2023,1,2,February,2023-02,2023-Q1
TXN-000007,2023-02-01,4200,160650.0,Sales,CC-S001,2023,1,2,February,2023-02,2023-Q1
TXN-000008,2023-02-01,4900,52253.57,Finance,CC-F001,2023,1,2,February,2023-02,2023-Q1
TXN-000100,2023-02-01,5000,259795.37,Operations,CC-O002,2023,1,2,February,2023-02,2023-Q1
TXN-000101,2023-02-01,5100,129897.69,Operations,CC-O002,2023,1,2,February,2023-02,2023-Q1
TXN-000102,2023-02-01,5200,43299.23,Operations,CC-O003,2023,1,2,February,2023-02,2023-Q1
TXN-000187,2023-02-01,6000,147925.09,Sales,CC-S001,2023,1,2,February,2023-02,2023-Q1
TXN-000188,2023-02-01,6010,85952.35,Sales,CC-S001,2023,1,2,February,2023-02,2023-Q1
TXN-000189,2023-02-01,6020,116085.2,Marketing,CC-M001,2023,1,2,February,2023-02,2023-Q1
TXN-000190,2023-02-01,6030,61048.58,Marketing,CC-M001,2023,1,2,February,2023-02,2023-Q1
TXN-000191,2023-02-01,6100,122507.35,Finance,CC-F001,2023,1,2,February,2023-02,2023-Q1
TXN-000192,2023-02-01,6110,45477.63,Finance,CC-F001,2023,1,2,February,2023-02,2023-Q1
TXN-000193,2023-02-01,6120,8077.89,Finance,CC-F001,2023,1,2,February,2023-02,2023-Q1
TXN-000194,2023-02-01,6130,4071.77,Finance,CC-F001,2023,1,2,February,2023-02,2023-Q1
TXN-000195,2023-02-01,6140,11835.92,Finance,CC-F001,2023,1,2,February,2023-02,2023-Q1
TXN-000196,2023-02-01,6150,22330.12,Finance,CC-F001,2023,1,2,February,2023-02,2023-Q1
TXN-000197,2023-02-01,6200,45122.73,IT,CC-I001,2023,1,2,February,2023-02,2023-Q1
TXN-000198,2023-02-01,6210,89654.28,IT,CC-I001,2023,1,2,February,2023-02,2023-Q1
TXN-000199,2023-02-01,6220,28519.38,IT,CC-I001,2023,1,2,February,2023-02,2023-Q1
TXN-000200,2023-02-01,6300,106848.84,R&D,CC-R001,2023,1,2,February,2023-02,2023-Q1
TXN-000201,2023-02-01,6310,41227.68,R&D,CC-R001,2023,1,2,February,2023-02,2023-Q1
TXN-000202,2023-02-01,6400,21712.45,Sales,CC-S001,2023,1,2,February,2023-02,2023-Q1
TXN-000203,2023-02-01,6410,17366.81,HR,CC-H001,2023,1,2,February,2023-02,2023-Q1
TXN-000204,2023-02-01,6420,22287.29,Finance,CC-F001,2023,1,2,February,2023-02,2023-Q1
TXN-000009,2023-03-01,4000,532268.32,Sales,CC-S001,2023,1,3,March,2023-03,2023-Q1
TXN-000010,2023-03-01,4100,319360.99,Sales,CC-S001,2023,1,3,March,2023-03,2023-Q1
TXN-000011,2023-03-01,4200,163863.0,Sales,CC-S001,2023,1,3,March,2023-03,2023-Q1
TXN-000012,2023-03-01,4900,51159.97,Finance,CC-F001,2023,1,3,March,2023-03,2023-Q1
TXN-000103,2023-03-01,5000,262386.02,Operations,CC-O002,2023,1,3,March,2023-03,2023-Q1
TXN-000104,2023-03-01,5100,131193.01,Operations,CC-O001,2023,1,3,March,2023-03,2023-Q1
TXN-000105,2023-03-01,5200,43731.0,Operations,CC-O002,2023,1,3,March,2023-03,2023-Q1
TXN-000205,2023-03-01,6000,156131.95,Sales,CC-S001,2023,1,3,March,2023-03,2023-Q1
TXN-000206,2023-03-01,6010,76375.8,Sales,CC-S002,2023,1,3,March,2023-03,2023-Q1
TXN-000207,2023-03-01,6020,89993.73,Marketing,CC-M001,2023,1,3,March,2023-03,2023-Q1
TXN-000208,2023-03-01,6030,87780.32,Marketing,CC-M001,2023,1,3,March,2023-03,2023-Q1
TXN-000209,2023-03-01,6100,117595.15,Finance,CC-F001,2023,1,3,March,2023-03,2023-Q1
TXN-000210,2023-03-01,6110,45367.44,Finance,CC-F001,2023,1,3,March,2023-03,2023-Q1
TXN-000211,2023-03-01,6120,7464.47,Finance,CC-F001,2023,1,3,March,2023-03,2023-Q1
TXN-000212,2023-03-01,6130,5943.7,Finance,CC-F001,2023,1,3,March,2023-03,2023-Q1
TXN-000213,2023-03-01,6140,12127.11,Finance,CC-F001,2023,1,3,March,2023-03,2023-Q1
TXN-000214,2023-03-01,6150,23180.16,Finance,CC-F001,2023,1,3,March,2023-03,2023-Q1
TXN-000215,2023-03-01,6200,45997.27,IT,CC-I001,2023,1,3,March,2023-03,2023-Q1
TXN-000216,2023-03-01,6210,90859.99,IT,CC-I001,2023,1,3,March,2023-03,2023-Q1
TXN-000217,2023-03-01,6220,52323.07,IT,CC-I001,2023,1,3,March,2023-03,2023-Q1
TXN-000218,2023-03-01,6300,111129.28,R&D,CC-R001,2023,1,3,March,2023-03,2023-Q1
TXN-000219,2023-03-01,6310,32214.74,R&D,CC-R001,2023,1,3,March,2023-03,2023-Q1
TXN-000220,2023-03-01,6400,17040.68,Sales,CC-S002,2023,1,3,March,2023-03,2023-Q1
TXN-000221,2023-03-01,6410,15067.62,HR,CC-H001,2023,1,3,March,2023-03,2023-Q1
TXN-000222,2023-03-01,6420,22101.72,Finance,CC-F001,2023,1,3,March,2023-03,2023-Q1
TXN-000013,2023-04-01,4000,535838.86,Sales,CC-S001,2023,2,4,April,2023-04,2023-Q2
TXN-000014,2023-04-01,4100,321503.32,Sales,CC-S001,2023,2,4,April,2023-04,2023-Q2
TXN-000015,2023-04-01,4200,167140.26,Sales,CC-S001,2023,2,4,April,2023-04,2023-Q2
TXN-000016,2023-04-01,4900,50493.29,Finance,CC-F001,2023,2,4,April,2023-04,2023-Q2
TXN-000106,2023-04-01,5000,274577.86,Operations,CC-O002,2023,2,4,April,2023-04,2023-Q2
TXN-000107,2023-04-01,5100,137288.93,Operations,CC-O001,2023,2,4,April,2023-04,2023-Q2
TXN-000108,2023-04-01,5200,45762.98,Operations,CC-O003,2023,2,4,April,2023-04,2023-Q2
TXN-000223,2023-04-01,6000,156233.16,Sales,CC-S001,2023,2,4,April,2023-04,2023-Q2
TXN-000224,2023-04-01,6010,86759.35,Sales,CC-S001,2023,2,4,April,2023-04,2023-Q2
TXN-000225,2023-04-01,6020,106871.62,Marketing,CC-M001,2023,2,4,April,2023-04,2023-Q2
TXN-000226,2023-04-01,6030,77486.67,Marketing,CC-M001,2023,2,4,April,2023-04,2023-Q2
TXN-000227,2023-04-01,6100,124250.39,Finance,CC-F001,2023,2,4,April,2023-04,2023-Q2
TXN-000228,2023-04-01,6110,81492.86,Finance,CC-F001,2023,2,4,April,2023-04,2023-Q2
TXN-000229,2023-04-01,6120,14765.48,Finance,CC-F001,2023,2,4,April,2023-04,2023-Q2
TXN-000230,2023-04-01,6130,4519.79,Finance,CC-F001,2023,2,4,April,2023-04,2023-Q2
TXN-000231,2023-04-01,6140,12021.35,Finance,CC-F001,2023,2,4,April,2023-04,2023-Q2
TXN-000232,2023-04-01,6150,23650.55,Finance,CC-F001,2023,2,4,April,2023-04,2023-Q2
TXN-000233,2023-04-01,6200,36185.01,IT,CC-I001,2023,2,4,April,2023-04,2023-Q2
TXN-000234,2023-04-01,6210,87819.08,IT,CC-I001,2023,2,4,April,2023-04,2023-Q2
TXN-000235,2023-04-01,6220,32748.0,IT,CC-I001,2023,2,4,April,2023-04,2023-Q2
TXN-000236,2023-04-01,6300,114507.95,R&D,CC-R001,2023,2,4,April,2023-04,2023-Q2
TXN-000237,2023-04-01,6310,36309.4,R&D,CC-R001,2023,2,4,April,2023-04,2023-Q2
TXN-000238,2023-04-01,6400,17155.76,Sales,CC-S002,2023,2,4,April,2023-04,2023-Q2
TXN-000239,2023-04-01,6410,18248.8,HR,CC-H001,2023,2,4,April,2023-04,2023-Q2
TXN-000240,2023-04-01,6420,22389.44,Finance,CC-F001,2023,2,4,April,2023-04,2023-Q2
TXN-000017,2023-05-01,4000,522599.26,Sales,CC-S002,2023,2,5,May,2023-05,2023-Q2
TXN-000018,2023-05-01,4100,313559.55,Sales,CC-S001,2023,2,5,May,2023-05,2023-Q2
TXN-000019,2023-05-01,4200,170483.07,Sales,CC-S001,2023,2,5,May,2023-05,2023-Q2
TXN-000020,2023-05-01,4900,48280.09,Finance,CC-F001,2023,2,5,May,2023-05,2023-Q2
TXN-000109,2023-05-01,5000,271929.81,Operations,CC-O002,2023,2,5,May,2023-05,2023-Q2
TXN-000110,2023-05-01,5100,135964.9,Operations,CC-O003,2023,2,5,May,2023-05,2023-Q2
TXN-000111,2023-05-01,5200,45321.63,Operations,CC-O003,2023,2,5,May,2023-05,2023-Q2
TXN-000241,2023-05-01,6000,150692.91,Sales,CC-S001,2023,2,5,May,2023-05,2023-Q2
TXN-000242,2023-05-01,6010,91321.26,Sales,CC-S002,2023,2,5,May,2023-05,2023-Q2
TXN-000243,2023-05-01,6020,113418.92,Marketing,CC-M001,2023,2,5,May,2023-05,2023-Q2
TXN-000244,2023-05-01,6030,60593.35,Marketing,CC-M001,2023,2,5,May,2023-05,2023-Q2
TXN-000245,2023-05-01,6100,125326.98,Finance,CC-F001,2023,2,5,May,2023-05,2023-Q2
TXN-000246,2023-05-01,6110,45449.44,Finance,CC-F001,2023,2,5,May,2023-05,2023-Q2
TXN-000247,2023-05-01,6120,13317.8,Finance,CC-F001,2023,2,5,May,2023-05,2023-Q2
TXN-000248,2023-05-01,6130,5199.42,Finance,CC-F001,2023,2,5,May,2023-05,2023-Q2
TXN-000249,2023-05-01,6140,12314.4,Finance,CC-F001,2023,2,5,May,2023-05,2023-Q2
TXN-000250,2023-05-01,6150,28746.34,Finance,CC-F001,2023,2,5,May,2023-05,2023-Q2
TXN-000251,2023-05-01,6200,38662.89,IT,CC-I001,2023,2,5,May,2023-05,2023-Q2
TXN-000252,2023-05-01,6210,93173.63,IT,CC-I001,2023,2,5,May,2023-05,2023-Q2
TXN-000253,2023-05-01,6220,31564.59,IT,CC-I001,2023,2,5,May,2023-05,2023-Q2
TXN-000254,2023-05-01,6300,104905.65,R&D,CC-R001,2023,2,5,May,2023-05,2023-Q2
TXN-000255,2023-05-01,6310,32347.09,R&D,CC-R001,2023,2,5,May,2023-05,2023-Q2
TXN-000256,2023-05-01,6400,26189.65,Sales,CC-S001,2023,2,5,May,2023-05,2023-Q2
TXN-000257,2023-05-01,6410,18299.16,HR,CC-H001,2023,2,5,May,2023-05,2023-Q2
TXN-000258,2023-05-01,6420,22572.31,Finance,CC-F001,2023,2,5,May,2023-05,2023-Q2
TXN-000021,2023-06-01,4000,613007.4,Sales,CC-S001,2023,2,6,June,2023-06,2023-Q2
TXN-000022,2023-06-01,4100,319829.95,Sales,CC-S001,2023,2,6,June,2023-06,2023-Q2
TXN-000023,2023-06-01,4200,173892.73,Sales,CC-S001,2023,2,6,June,2023-06,2023-Q2
TXN-000024,2023-06-01,4900,48279.97,Finance,CC-F001,2023,2,6,June,2023-06,2023-Q2
TXN-000112,2023-06-01,5000,278811.93,Operations,CC-O003,2023,2,6,June,2023-06,2023-Q2
TXN-000113,2023-06-01,5100,139405.97,Operations,CC-O001,2023,2,6,June,2023-06,2023-Q2
TXN-000114,2023-06-01,5200,46468.66,Operations,CC-O003,2023,2,6,June,2023-06,2023-Q2
TXN-000259,2023-06-01,6000,154957.59,Sales,CC-S001,2023,2,6,June,2023-06,2023-Q2
TXN-000260,2023-06-01,6010,74515.09,Sales,CC-S001,2023,2,6,June,2023-06,2023-Q2
TXN-000261,2023-06-01,6020,170474.81,Marketing,CC-M001,2023,2,6,June,2023-06,2023-Q2
TXN-000262,2023-06-01,6030,64474.42,Marketing,CC-M001,2023,2,6,June,2023-06,2023-Q2
TXN-000263,2023-06-01,6100,126370.54,Finance,CC-F001,2023,2,6,June,2023-06,2023-Q2
TXN-000264,2023-06-01,6110,90376.28,Finance,CC-F001,2023,2,6,June,2023-06,2023-Q2
TXN-000265,2023-06-01,6120,8083.54,Finance,CC-F001,2023,2,6,June,2023-06,2023-Q2
TXN-000266,2023-06-01,6130,6076.41,Finance,CC-F001,2023,2,6,June,2023-06,2023-Q2
TXN-000267,2023-06-01,6140,12200.85,Finance,CC-F001,2023,2,6,June,2023-06,2023-Q2
TXN-000268,2023-06-01,6150,31028.77,Finance,CC-F001,2023,2,6,June,2023-06,2023-Q2
TXN-000269,2023-06-01,6200,36940.77,IT,CC-I001,2023,2,6,June,2023-06,2023-Q2
TXN-000270,2023-06-01,6210,96289.18,IT,CC-I001,2023,2,6,June,2023-06,2023-Q2
TXN-000271,2023-06-01,6220,31185.95,IT,CC-I001,2023,2,6,June,2023-06,2023-Q2
TXN-000272,2023-06-01,6300,114843.4,R&D,CC-R001,2023,2,6,June,2023-06,2023-Q2
TXN-000273,2023-06-01,6310,30715.2,R&D,CC-R001,2023,2,6,June,2023-06,2023-Q2
TXN-000274,2023-06-01,6400,25145.78,Sales,CC-S001,2023,2,6,June,2023-06,2023-Q2
TXN-000275,2023-06-01,6410,16892.3,HR,CC-H001,2023,2,6,June,2023-06,2023-Q2
TXN-000276,2023-06-01,6420,22490.29,Finance,CC-F001,2023,2,6,June,2023-06,2023-Q2
TXN-000025,2023-07-01,4000,618927.39,Sales,CC-S001,2023,3,7,July,2023-07,2023-Q3
TXN-000026,2023-07-01,4100,322918.64,Sales,CC-S001,2023,3,7,July,2023-07,2023-Q3
TXN-000027,2023-07-01,4200,177370.58,Sales,CC-S001,2023,3,7,July,2023-07,2023-Q3
TXN-000028,2023-07-01,4900,47790.42,Finance,CC-F001,2023,3,7,July,2023-07,2023-Q3
TXN-000115,2023-07-01,5000,301351.96,Operations,CC-O003,2023,3,7,July,2023-07,2023-Q3
TXN-000116,2023-07-01,5100,150675.98,Operations,CC-O001,2023,3,7,July,2023-07,2023-Q3
TXN-000117,2023-07-01,5200,50225.33,Operations,CC-O003,2023,3,7,July,2023-07,2023-Q3
TXN-000277,2023-07-01,6000,159305.4,Sales,CC-S001,2023,3,7,July,2023-07,2023-Q3
TXN-000278,2023-07-01,6010,91488.83,Sales,CC-S002,2023,3,7,July,2023-07,2023-Q3
TXN-000279,2023-07-01,6020,103484.05,Marketing,CC-M001,2023,3,7,July,2023-07,2023-Q3
TXN-000280,2023-07-01,6030,88786.02,Marketing,CC-M001,2023,3,7,July,2023-07,2023-Q3
TXN-000281,2023-07-01,6100,125118.03,Finance,CC-F001,2023,3,7,July,2023-07,2023-Q3
TXN-000282,2023-07-01,6110,46719.09,Finance,CC-F001,2023,3,7,July,2023-07,2023-Q3
TXN-000283,2023-07-01,6120,8036.26,Finance,CC-F001,2023,3,7,July,2023-07,2023-Q3
TXN-000284,2023-07-01,6130,9204.83,Finance,CC-F001,2023,3,7,July,2023-07,2023-Q3
TXN-000285,2023-07-01,6140,12383.09,Finance,CC-F001,2023,3,7,July,2023-07,2023-Q3
TXN-000286,2023-07-01,6150,41243.8,Finance,CC-F001,2023,3,7,July,2023-07,2023-Q3
TXN-000287,2023-07-01,6200,45194.65,IT,CC-I001,2023,3,7,July,2023-07,2023-Q3
TXN-000288,2023-07-01,6210,89257.29,IT,CC-I001,2023,3,7,July,2023-07,2023-Q3
TXN-000289,2023-07-01,6220,32573.83,IT,CC-I001,2023,3,7,July,2023-07,2023-Q3
TXN-000290,2023-07-01,6300,115546.45,R&D,CC-R001,2023,3,7,July,2023-07,2023-Q3
TXN-000291,2023-07-01,6310,29590.04,R&D,CC-R001,2023,3,7,July,2023-07,2023-Q3
TXN-000292,2023-07-01,6400,21105.66,Sales,CC-S002,2023,3,7,July,2023-07,2023-Q3
TXN-000293,2023-07-01,6410,17199.34,HR,CC-H001,2023,3,7,July,2023-07,2023-Q3
TXN-000294,2023-07-01,6420,22671.06,Finance,CC-F001,2023,3,7,July,2023-07,2023-Q3
TXN-000029,2023-08-01,4000,595373.9,Sales,CC-S001,2023,3,8,August,2023-08,2023-Q3
TXN-000030,2023-08-01,4100,357224.34,Sales,CC-S001,2023,3,8,August,2023-08,2023-Q3
TXN-000031,2023-08-01,4200,180917.99,Sales,CC-S001,2023,3,8,August,2023-08,2023-Q3
TXN-000032,2023-08-01,4900,51830.88,Finance,CC-F001,2023,3,8,August,2023-08,2023-Q3
TXN-000118,2023-08-01,5000,290547.21,Operations,CC-O003,2023,3,8,August,2023-08,2023-Q3
TXN-000119,2023-08-01,5100,145273.61,Operations,CC-O001,2023,3,8,August,2023-08,2023-Q3
TXN-000120,2023-08-01,5200,48424.54,Operations,CC-O001,2023,3,8,August,2023-08,2023-Q3
TXN-000295,2023-08-01,6000,159884.24,Sales,CC-S002,2023,3,8,August,2023-08,2023-Q3
TXN-000296,2023-08-01,6010,81310.23,Sales,CC-S001,2023,3,8,August,2023-08,2023-Q3
TXN-000297,2023-08-01,6020,83876.53,Marketing,CC-M001,2023,3,8,August,2023-08,2023-Q3
TXN-000298,2023-08-01,6030,90694.43,Marketing,CC-M001,2023,3,8,August,2023-08,2023-Q3
TXN-000299,2023-08-01,6100,123561.3,Finance,CC-F001,2023,3,8,August,2023-08,2023-Q3
TXN-000300,2023-08-01,6110,46269.87,Finance,CC-F001,2023,3,8,August,2023-08,2023-Q3
TXN-000301,2023-08-01,6120,8364.21,Finance,CC-F001,2023,3,8,August,2023-08,2023-Q3
TXN-000302,2023-08-01,6130,5508.38,Finance,CC-F001,2023,3,8,August,2023-08,2023-Q3
TXN-000303,2023-08-01,6140,12650.05,Finance,CC-F001,2023,3,8,August,2023-08,2023-Q3
TXN-000304,2023-08-01,6150,26727.45,Finance,CC-F001,2023,3,8,August,2023-08,2023-Q3
TXN-000305,2023-08-01,6200,40414.44,IT,CC-I001,2023,3,8,August,2023-08,2023-Q3
TXN-000306,2023-08-01,6210,91837.95,IT,CC-I001,2023,3,8,August,2023-08,2023-Q3
TXN-000307,2023-08-01,6220,28043.41,IT,CC-I001,2023,3,8,August,2023-08,2023-Q3
TXN-000308,2023-08-01,6300,203595.28,R&D,CC-R001,2023,3,8,August,2023-08,2023-Q3
TXN-000309,2023-08-01,6310,39188.62,R&D,CC-R001,2023,3,8,August,2023-08,2023-Q3
TXN-000310,2023-08-01,6400,15710.16,Sales,CC-S002,2023,3,8,August,2023-08,2023-Q3
TXN-000311,2023-08-01,6410,15324.01,HR,CC-H001,2023,3,8,August,2023-08,2023-Q3
TXN-000312,2023-08-01,6420,22747.2,Finance,CC-F001,2023,3,8,August,2023-08,2023-Q3
TXN-000033,2023-09-01,4000,591753.31,Sales,CC-S002,2023,3,9,September,2023-09,2023-Q3
TXN-000034,2023-09-01,4100,355051.98,Sales,CC-S001,2023,3,9,September,2023-09,2023-Q3
TXN-000035,2023-09-01,4200,184536.35,Sales,CC-S001,2023,3,9,September,2023-09,2023-Q3
TXN-000036,2023-09-01,4900,50505.58,Finance,CC-F001,2023,3,9,September,2023-09,2023-Q3
TXN-000121,2023-09-01,5000,285949.76,Operations,CC-O002,2023,3,9,September,2023-09,2023-Q3
TXN-000122,2023-09-01,5100,142974.88,Operations,CC-O002,2023,3,9,September,2023-09,2023-Q3
TXN-000123,2023-09-01,5200,47658.29,Operations,CC-O002,2023,3,9,September,2023-09,2023-Q3
TXN-000313,2023-09-01,6000,157883.13,Sales,CC-S001,2023,3,9,September,2023-09,2023-Q3
TXN-000314,2023-09-01,6010,71885.33,Sales,CC-S001,2023,3,9,September,2023-09,2023-Q3
TXN-000315,2023-09-01,6020,109288.29,Marketing,CC-M001,2023,3,9,September,2023-09,2023-Q3
TXN-000316,2023-09-01,6030,91947.29,Marketing,CC-M001,2023,3,9,September,2023-09,2023-Q3
TXN-000317,2023-09-01,6100,122334.84,Finance,CC-F001,2023,3,9,September,2023-09,2023-Q3
TXN-000318,2023-09-01,6110,84186.6,Finance,CC-F001,2023,3,9,September,2023-09,2023-Q3
TXN-000319,2023-09-01,6120,9056.9,Finance,CC-F001,2023,3,9,September,2023-09,2023-Q3
TXN-000320,2023-09-01,6130,4969.78,Finance,CC-F001,2023,3,9,September,2023-09,2023-Q3
TXN-000321,2023-09-01,6140,12465.15,Finance,CC-F001,2023,3,9,September,2023-09,2023-Q3
TXN-000322,2023-09-01,6150,32902.66,Finance,CC-F001,2023,3,9,September,2023-09,2023-Q3
TXN-000323,2023-09-01,6200,47378.43,IT,CC-I001,2023,3,9,September,2023-09,2023-Q3
TXN-000324,2023-09-01,6210,90796.24,IT,CC-I001,2023,3,9,September,2023-09,2023-Q3
TXN-000325,2023-09-01,6220,44440.31,IT,CC-I001,2023,3,9,September,2023-09,2023-Q3
TXN-000326,2023-09-01,6300,117806.37,R&D,CC-R001,2023,3,9,September,2023-09,2023-Q3
TXN-000327,2023-09-01,6310,33780.52,R&D,CC-R001,2023,3,9,September,2023-09,2023-Q3
TXN-000328,2023-09-01,6400,14857.57,Sales,CC-S001,2023,3,9,September,2023-09,2023-Q3
TXN-000329,2023-09-01,6410,13905.15,HR,CC-H001,2023,3,9,September,2023-09,2023-Q3
TXN-000330,2023-09-01,6420,22981.07,Finance,CC-F001,2023,3,9,September,2023-09,2023-Q3
TXN-000037,2023-10-01,4000,609979.58,Sales,CC-S002,2023,4,10,October,2023-10,2023-Q4
TXN-000038,2023-10-01,4100,365987.75,Sales,CC-S002,2023,4,10,October,2023-10,2023-Q4
TXN-000039,2023-10-01,4200,188227.08,Sales,CC-S001,2023,4,10,October,2023-10,2023-Q4
TXN-000040,2023-10-01,4900,51040.36,Finance,CC-F001,2023,4,10,October,2023-10,2023-Q4
TXN-000124,2023-10-01,5000,326249.91,Operations,CC-O003,2023,4,10,October,2023-10,2023-Q4
TXN-000125,2023-10-01,5100,163124.95,Operations,CC-O003,2023,4,10,October,2023-10,2023-Q4
TXN-000126,2023-10-01,5200,54374.98,Operations,CC-O003,2023,4,10,October,2023-10,2023-Q4
TXN-000331,2023-10-01,6000,162744.7,Sales,CC-S001,2023,4,10,October,2023-10,2023-Q4
TXN-000332,2023-10-01,6010,91254.94,Sales,CC-S001,2023,4,10,October,2023-10,2023-Q4
TXN-000333,2023-10-01,6020,91060.52,Marketing,CC-M001,2023,4,10,October,2023-10,2023-Q4
TXN-000334,2023-10-01,6030,90442.34,Marketing,CC-M001,2023,4,10,October,2023-10,2023-Q4
TXN-000335,2023-10-01,6100,124802.22,Finance,CC-F001,2023,4,10,October,2023-10,2023-Q4
TXN-000336,2023-10-01,6110,47307.59,Finance,CC-F001,2023,4,10,October,2023-10,2023-Q4
TXN-000337,2023-10-01,6120,9084.57,Finance,CC-F001,2023,4,10,October,2023-10,2023-Q4
TXN-000338,2023-10-01,6130,5079.03,Finance,CC-F001,2023,4,10,October,2023-10,2023-Q4
TXN-000339,2023-10-01,6140,12673.74,Finance,CC-F001,2023,4,10,October,2023-10,2023-Q4
TXN-000340,2023-10-01,6150,32450.54,Finance,CC-F001,2023,4,10,October,2023-10,2023-Q4
TXN-000341,2023-10-01,6200,45915.74,IT,CC-I001,2023,4,10,October,2023-10,2023-Q4
TXN-000342,2023-10-01,6210,97816.68,IT,CC-I001,2023,4,10,October,2023-10,2023-Q4
TXN-000343,2023-10-01,6220,28296.48,IT,CC-I001,2023,4,10,October,2023-10,2023-Q4
TXN-000344,2023-10-01,6300,107484.35,R&D,CC-R001,2023,4,10,October,2023-10,2023-Q4
TXN-000345,2023-10-01,6310,43180.06,R&D,CC-R001,2023,4,10,October,2023-10,2023-Q4
TXN-000346,2023-10-01,6400,21831.35,Sales,CC-S001,2023,4,10,October,2023-10,2023-Q4
TXN-000347,2023-10-01,6410,15278.25,HR,CC-H001,2023,4,10,October,2023-10,2023-Q4
TXN-000348,2023-10-01,6420,22922.18,Finance,CC-F001,2023,4,10,October,2023-10,2023-Q4
TXN-000041,2023-11-01,4000,754360.06,Sales,CC-S001,2023,4,11,November,2023-11,2023-Q4
TXN-000042,2023-11-01,4100,348166.18,Sales,CC-S001,2023,4,11,November,2023-11,2023-Q4
TXN-000043,2023-11-01,4200,191991.62,Sales,CC-S001,2023,4,11,November,2023-11,2023-Q4
TXN-000044,2023-11-01,4900,47602.92,Finance,CC-F001,2023,4,11,November,2023-11,2023-Q4
TXN-000127,2023-11-01,5000,360988.83,Operations,CC-O001,2023,4,11,November,2023-11,2023-Q4
TXN-000128,2023-11-01,5100,180494.42,Operations,CC-O003,2023,4,11,November,2023-11,2023-Q4
TXN-000129,2023-11-01,5200,60164.81,Operations,CC-O002,2023,4,11,November,2023-11,2023-Q4
TXN-000349,2023-11-01,6000,161577.42,Sales,CC-S001,2023,4,11,November,2023-11,2023-Q4
TXN-000350,2023-11-01,6010,91356.34,Sales,CC-S001,2023,4,11,November,2023-11,2023-Q4
TXN-000351,2023-11-01,6020,104832.17,Marketing,CC-M001,2023,4,11,November,2023-11,2023-Q4
TXN-000352,2023-11-01,6030,80751.44,Marketing,CC-M001,2023,4,11,November,2023-11,2023-Q4
TXN-000353,2023-11-01,6100,129012.9,Finance,CC-F001,2023,4,11,November,2023-11,2023-Q4
TXN-000354,2023-11-01,6110,46917.9,Finance,CC-F001,2023,4,11,November,2023-11,2023-Q4
TXN-000355,2023-11-01,6120,8844.95,Finance,CC-F001,2023,4,11,November,2023-11,2023-Q4
TXN-000356,2023-11-01,6130,4415.16,Finance,CC-F001,2023,4,11,November,2023-11,2023-Q4
TXN-000357,2023-11-01,6140,12709.35,Finance,CC-F001,2023,4,11,November,2023-11,2023-Q4
TXN-000358,2023-11-01,6150,31339.18,Finance,CC-F001,2023,4,11,November,2023-11,2023-Q4
TXN-000359,2023-11-01,6200,36748.31,IT,CC-I001,2023,4,11,November,2023-11,2023-Q4
TXN-000360,2023-11-01,6210,99161.66,IT,CC-I001,2023,4,11,November,2023-11,2023-Q4
TXN-000361,2023-11-01,6220,30704.53,IT,CC-I001,2023,4,11,November,2023-11,2023-Q4
TXN-000362,2023-11-01,6300,123843.73,R&D,CC-R001,2023,4,11,November,2023-11,2023-Q4
TXN-000363,2023-11-01,6310,40500.36,R&D,CC-R001,2023,4,11,November,2023-11,2023-Q4
TXN-000364,2023-11-01,6400,15762.11,Sales,CC-S001,2023,4,11,November,2023-11,2023-Q4
TXN-000365,2023-11-01,6410,16220.23,HR,CC-H001,2023,4,11,November,2023-11,2023-Q4
TXN-000366,2023-11-01,6420,23302.52,Finance,CC-F001,2023,4,11,November,2023-11,2023-Q4
TXN-000045,2023-12-01,4000,846171.1,Sales,CC-S002,2023,4,12,December,2023-12,2023-Q4
TXN-000046,2023-12-01,4100,390540.51,Sales,CC-S002,2023,4,12,December,2023-12,2023-Q4
TXN-000047,2023-12-01,4200,195831.45,Sales,CC-S001,2023,4,12,December,2023-12,2023-Q4
TXN-000048,2023-12-01,4900,52349.55,Finance,CC-F001,2023,4,12,December,2023-12,2023-Q4
TXN-000130,2023-12-01,5000,392385.72,Operations,CC-O001,2023,4,12,December,2023-12,2023-Q4
TXN-000131,2023-12-01,5100,196192.86,Operations,CC-O001,2023,4,12,December,2023-12,2023-Q4
TXN-000132,2023-12-01,5200,65397.62,Operations,CC-O001,2023,4,12,December,2023-12,2023-Q4
TXN-000367,2023-12-01,6000,274428.67,Sales,CC-S002,2023,4,12,December,2023-12,2023-Q4
TXN-000368,2023-12-01,6010,73211.83,Sales,CC-S001,2023,4,12,December,2023-12,2023-Q4
TXN-000369,2023-12-01,6020,89416.07,Marketing,CC-M001,2023,4,12,December,2023-12,2023-Q4
TXN-000370,2023-12-01,6030,88915.3,Marketing,CC-M001,2023,4,12,December,2023-12,2023-Q4
TXN-000371,2023-12-01,6100,130192.88,Finance,CC-F001,2023,4,12,December,2023-12,2023-Q4
TXN-000372,2023-12-01,6110,47301.41,Finance,CC-F001,2023,4,12,December,2023-12,2023-Q4
TXN-000373,2023-12-01,6120,7978.47,Finance,CC-F001,2023,4,12,December,2023-12,2023-Q4
TXN-000374,2023-12-01,6130,4248.33,Finance,CC-F001,2023,4,12,December,2023-12,2023-Q4
TXN-000375,2023-12-01,6140,12436.51,Finance,CC-F001,2023,4,12,December,2023-12,2023-Q4
TXN-000376,2023-12-01,6150,26830.31,Finance,CC-F001,2023,4,12,December,2023-12,2023-Q4
TXN-000377,2023-12-01,6200,36827.52,IT,CC-I001,2023,4,12,December,2023-12,2023-Q4
TXN-000378,2023-12-01,6210,99468.84,IT,CC-I001,2023,4,12,December,2023-12,2023-Q4
TXN-000379,2023-12-01,6220,32489.61,IT,CC-I001,2023,4,12,December,2023-12,2023-Q4
TXN-000380,2023-12-01,6300,115278.72,R&D,CC-R001,2023,4,12,December,2023-12,2023-Q4
TXN-000381,2023-12-01,6310,38194.44,R&D,CC-R001,2023,4,12,December,2023-12,2023-Q4
TXN-000382,2023-12-01,6400,15355.05,Sales,CC-S002,2023,4,12,December,2023-12,2023-Q4
TXN-000383,2023-12-01,6410,19401.13,HR,CC-H001,2023,4,12,December,2023-12,2023-Q4
TXN-000384,2023-12-01,6420,23204.07,Finance,CC-F001,2023,4,12,December,2023-12,2023-Q4
TXN-000049,2024-01-01,4000,556921.51,Sales,CC-S002,2024,1,1,January,2024-01,2024-Q1
TXN-000050,2024-01-01,4100,393121.07,Sales,CC-S001,2024,1,1,January,2024-01,2024-Q1
TXN-000051,2024-01-01,4200,199748.08,Sales,CC-S001,2024,1,1,January,2024-01,2024-Q1
TXN-000052,2024-01-01,4900,51662.21,Finance,CC-F001,2024,1,1,January,2024-01,2024-Q1
TXN-000133,2024-01-01,5000,299328.06,Operations,CC-O002,2024,1,1,January,2024-01,2024-Q1
TXN-000134,2024-01-01,5100,149664.03,Operations,CC-O002,2024,1,1,January,2024-01,2024-Q1
TXN-000135,2024-01-01,5200,49888.01,Operations,CC-O002,2024,1,1,January,2024-01,2024-Q1
TXN-000385,2024-01-01,6000,155582.58,Sales,CC-S001,2024,1,1,January,2024-01,2024-Q1
TXN-000386,2024-01-01,6010,83942.43,Sales,CC-S001,2024,1,1,January,2024-01,2024-Q1
TXN-000387,2024-01-01,6020,109633.14,Marketing,CC-M001,2024,1,1,January,2024-01,2024-Q1
TXN-000388,2024-01-01,6030,98434.52,Marketing,CC-M001,2024,1,1,January,2024-01,2024-Q1
TXN-000389,2024-01-01,6100,128813.56,Finance,CC-F001,2024,1,1,January,2024-01,2024-Q1
TXN-000390,2024-01-01,6110,47555.65,Finance,CC-F001,2024,1,1,January,2024-01,2024-Q1
TXN-000391,2024-01-01,6120,8800.22,Finance,CC-F001,2024,1,1,January,2024-01,2024-Q1
TXN-000392,2024-01-01,6130,6176.02,Finance,CC-F001,2024,1,1,January,2024-01,2024-Q1
TXN-000393,2024-01-01,6140,12959.04,Finance,CC-F001,2024,1,1,January,2024-01,2024-Q1
TXN-000394,2024-01-01,6150,28325.55,Finance,CC-F001,2024,1,1,January,2024-01,2024-Q1
TXN-000395,2024-01-01,6200,47941.97,IT,CC-I001,2024,1,1,January,2024-01,2024-Q1
TXN-000396,2024-01-01,6210,153853.58,IT,CC-I001,2024,1,1,January,2024-01,2024-Q1
TXN-000397,2024-01-01,6220,33801.67,IT,CC-I001,2024,1,1,January,2024-01,2024-Q1
TXN-000398,2024-01-01,6300,110164.72,R&D,CC-R001,2024,1,1,January,2024-01,2024-Q1
TXN-000399,2024-01-01,6310,35360.2,R&D,CC-R001,2024,1,1,January,2024-01,2024-Q1
TXN-000400,2024-01-01,6400,25571.84,Sales,CC-S002,2024,1,1,January,2024-01,2024-Q1
TXN-000401,2024-01-01,6410,15663.41,HR,CC-H001,2024,1,1,January,2024-01,2024-Q1
TXN-000402,2024-01-01,6420,23232.57,Finance,CC-F001,2024,1,1,January,2024-01,2024-Q1
TXN-000053,2024-02-01,4000,533967.72,Sales,CC-S001,2024,1,2,February,2024-02,2024-Q1
TXN-000054,2024-02-01,4100,376918.39,Sales,CC-S002,2024,1,2,February,2024-02,2024-Q1
TXN-000055,2024-02-01,4200,203743.04,Sales,CC-S001,2024,1,2,February,2024-02,2024-Q1
TXN-000056,2024-02-01,4900,48561.7,Finance,CC-F001,2024,1,2,February,2024-02,2024-Q1
TXN-000136,2024-02-01,5000,282574.14,Operations,CC-O001,2024,1,2,February,2024-02,2024-Q1
TXN-000137,2024-02-01,5100,141287.07,Operations,CC-O001,2024,1,2,February,2024-02,2024-Q1
TXN-000138,2024-02-01,5200,47095.69,Operations,CC-O003,2024,1,2,February,2024-02,2024-Q1
TXN-000403,2024-02-01,6000,165731.91,Sales,CC-S002,2024,1,2,February,2024-02,2024-Q1
TXN-000404,2024-02-01,6010,98064.78,Sales,CC-S001,2024,1,2,February,2024-02,2024-Q1
TXN-000405,2024-02-01,6020,108963.61,Marketing,CC-M001,2024,1,2,February,2024-02,2024-Q1
TXN-000406,2024-02-01,6030,97729.51,Marketing,CC-M001,2024,1,2,February,2024-02,2024-Q1
TXN-000407,2024-02-01,6100,125980.85,Finance,CC-F001,2024,1,2,February,2024-02,2024-Q1
TXN-000408,2024-02-01,6110,47614.22,Finance,CC-F001,2024,1,2,February,2024-02,2024-Q1
TXN-000409,2024-02-01,6120,8709.09,Finance,CC-F001,2024,1,2,February,2024-02,2024-Q1
TXN-000410,2024-02-01,6130,5696.07,Finance,CC-F001,2024,1,2,February,2024-02,2024-Q1
TXN-000411,2024-02-01,6140,12719.42,Finance,CC-F001,2024,1,2,February,2024-02,2024-Q1
TXN-000412,2024-02-01,6150,29393.46,Finance,CC-F001,2024,1,2,February,2024-02,2024-Q1
TXN-000413,2024-02-01,6200,46123.5,IT,CC-I001,2024,1,2,February,2024-02,2024-Q1
TXN-000414,2024-02-01,6210,99318.83,IT,CC-I001,2024,1,2,February,2024-02,2024-Q1
TXN-000415,2024-02-01,6220,32369.76,IT,CC-I001,2024,1,2,February,2024-02,2024-Q1
TXN-000416,2024-02-01,6300,115449.18,R&D,CC-R001,2024,1,2,February,2024-02,2024-Q1
TXN-000417,2024-02-01,6310,30277.55,R&D,CC-R001,2024,1,2,February,2024-02,2024-Q1
TXN-000418,2024-02-01,6400,22859.0,Sales,CC-S001,2024,1,2,February,2024-02,2024-Q1
TXN-000419,2024-02-01,6410,13695.15,HR,CC-H001,2024,1,2,February,2024-02,2024-Q1
TXN-000420,2024-02-01,6420,23224.3,Finance,CC-F001,2024,1,2,February,2024-02,2024-Q1
TXN-000057,2024-03-01,4000,638748.12,Sales,CC-S001,2024,1,3,March,2024-03,2024-Q1
TXN-000058,2024-03-01,4100,383248.87,Sales,CC-S001,2024,1,3,March,2024-03,2024-Q1
TXN-000059,2024-03-01,4200,207817.91,Sales,CC-S001,2024,1,3,March,2024-03,2024-Q1
TXN-000060,2024-03-01,4900,48409.12,Finance,CC-F001,2024,1,3,March,2024-03,2024-Q1
TXN-000139,2024-03-01,5000,333011.86,Operations,CC-O003,2024,1,3,March,2024-03,2024-Q1
TXN-000140,2024-03-01,5100,166505.93,Operations,CC-O002,2024,1,3,March,2024-03,2024-Q1
TXN-000141,2024-03-01,5200,55501.98,Operations,CC-O001,2024,1,3,March,2024-03,2024-Q1
TXN-000421,2024-03-01,6000,162069.3,Sales,CC-S002,2024,1,3,March,2024-03,2024-Q1
TXN-000422,2024-03-01,6010,84059.77,Sales,CC-S002,2024,1,3,March,2024-03,2024-Q1
TXN-000423,2024-03-01,6020,100583.61,Marketing,CC-M001,2024,1,3,March,2024-03,2024-Q1
TXN-000424,2024-03-01,6030,91702.94,Marketing,CC-M001,2024,1,3,March,2024-03,2024-Q1
TXN-000425,2024-03-01,6100,129441.29,Finance,CC-F001,2024,1,3,March,2024-03,2024-Q1
TXN-000426,2024-03-01,6110,48620.73,Finance,CC-F001,2024,1,3,March,2024-03,2024-Q1
TXN-000427,2024-03-01,6120,9297.55,Finance,CC-F001,2024,1,3,March,2024-03,2024-Q1
TXN-000428,2024-03-01,6130,4836.41,Finance,CC-F001,2024,1,3,March,2024-03,2024-Q1
TXN-000429,2024-03-01,6140,13096.74,Finance,CC-F001,2024,1,3,March,2024-03,2024-Q1
TXN-000430,2024-03-01,6150,24020.16,Finance,CC-F001,2024,1,3,March,2024-03,2024-Q1
TXN-000431,2024-03-01,6200,39494.2,IT,CC-I001,2024,1,3,March,2024-03,2024-Q1
TXN-000432,2024-03-01,6210,92798.33,IT,CC-I001,2024,1,3,March,2024-03,2024-Q1
TXN-000433,2024-03-01,6220,29888.47,IT,CC-I001,2024,1,3,March,2024-03,2024-Q1
TXN-000434,2024-03-01,6300,120446.69,R&D,CC-R001,2024,1,3,March,2024-03,2024-Q1
TXN-000435,2024-03-01,6310,35165.46,R&D,CC-R001,2024,1,3,March,2024-03,2024-Q1
TXN-000436,2024-03-01,6400,21082.07,Sales,CC-S001,2024,1,3,March,2024-03,2024-Q1
TXN-000437,2024-03-01,6410,13430.82,HR,CC-H001,2024,1,3,March,2024-03,2024-Q1
TXN-000438,2024-03-01,6420,23342.01,Finance,CC-F001,2024,1,3,March,2024-03,2024-Q1
TXN-000061,2024-04-01,4000,651629.38,Sales,CC-S002,2024,2,4,April,2024-04,2024-Q2
TXN-000062,2024-04-01,4100,390977.63,Sales,CC-S001,2024,2,4,April,2024-04,2024-Q2
TXN-000063,2024-04-01,4200,211974.26,Sales,CC-S001,2024,2,4,April,2024-04,2024-Q2
TXN-000064,2024-04-01,4900,48417.02,Finance,CC-F001,2024,2,4,April,2024-04,2024-Q2
TXN-000142,2024-04-01,5000,329925.13,Operations,CC-O003,2024,2,4,April,2024-04,2024-Q2
TXN-000143,2024-04-01,5100,164962.56,Operations,CC-O002,2024,2,4,April,2024-04,2024-Q2
TXN-000144,2024-04-01,5200,54987.52,Operations,CC-O002,2024,2,4,April,2024-04,2024-Q2
TXN-000439,2024-04-01,6000,157826.45,Sales,CC-S002,2024,2,4,April,2024-04,2024-Q2
TXN-000440,2024-04-01,6010,75458.65,Sales,CC-S001,2024,2,4,April,2024-04,2024-Q2
TXN-000441,2024-04-01,6020,105911.92,Marketing,CC-M001,2024,2,4,April,2024-04,2024-Q2
TXN-000442,2024-04-01,6030,75223.29,Marketing,CC-M001,2024,2,4,April,2024-04,2024-Q2
TXN-000443,2024-04-01,6100,248092.05,Finance,CC-F001,2024,2,4,April,2024-04,2024-Q2
TXN-000444,2024-04-01,6110,48543.86,Finance,CC-F001,2024,2,4,April,2024-04,2024-Q2
TXN-000445,2024-04-01,6120,9251.15,Finance,CC-F001,2024,2,4,April,2024-04,2024-Q2
TXN-000446,2024-04-01,6130,4435.44,Finance,CC-F001,2024,2,4,April,2024-04,2024-Q2
TXN-000447,2024-04-01,6140,13070.15,Finance,CC-F001,2024,2,4,April,2024-04,2024-Q2
TXN-000448,2024-04-01,6150,21808.17,Finance,CC-F001,2024,2,4,April,2024-04,2024-Q2
TXN-000449,2024-04-01,6200,41367.54,IT,CC-I001,2024,2,4,April,2024-04,2024-Q2
TXN-000450,2024-04-01,6210,97985.18,IT,CC-I001,2024,2,4,April,2024-04,2024-Q2
TXN-000451,2024-04-01,6220,32038.12,IT,CC-I001,2024,2,4,April,2024-04,2024-Q2
TXN-000452,2024-04-01,6300,109585.89,R&D,CC-R001,2024,2,4,April,2024-04,2024-Q2
TXN-000453,2024-04-01,6310,40873.9,R&D,CC-R001,2024,2,4,April,2024-04,2024-Q2
TXN-000454,2024-04-01,6400,21670.78,Sales,CC-S001,2024,2,4,April,2024-04,2024-Q2
TXN-000455,2024-04-01,6410,12969.88,HR,CC-H001,2024,2,4,April,2024-04,2024-Q2
TXN-000456,2024-04-01,6420,23687.44,Finance,CC-F001,2024,2,4,April,2024-04,2024-Q2
TXN-000065,2024-05-01,4000,672956.18,Sales,CC-S002,2024,2,5,May,2024-05,2024-Q2
TXN-000066,2024-05-01,4100,403773.71,Sales,CC-S002,2024,2,5,May,2024-05,2024-Q2
TXN-000067,2024-05-01,4200,216213.75,Sales,CC-S001,2024,2,5,May,2024-05,2024-Q2
TXN-000068,2024-05-01,4900,49021.21,Finance,CC-F001,2024,2,5,May,2024-05,2024-Q2
TXN-000145,2024-05-01,5000,326984.69,Operations,CC-O003,2024,2,5,May,2024-05,2024-Q2
TXN-000146,2024-05-01,5100,163492.35,Operations,CC-O002,2024,2,5,May,2024-05,2024-Q2
TXN-000147,2024-05-01,5200,54497.45,Operations,CC-O001,2024,2,5,May,2024-05,2024-Q2
TXN-000457,2024-05-01,6000,158408.28,Sales,CC-S002,2024,2,5,May,2024-05,2024-Q2
TXN-000458,2024-05-01,6010,74028.73,Sales,CC-S001,2024,2,5,May,2024-05,2024-Q2
TXN-000459,2024-05-01,6020,95623.01,Marketing,CC-M001,2024,2,5,May,2024-05,2024-Q2
TXN-000460,2024-05-01,6030,65661.11,Marketing,CC-M001,2024,2,5,May,2024-05,2024-Q2
TXN-000461,2024-05-01,6100,130448.45,Finance,CC-F001,2024,2,5,May,2024-05,2024-Q2
TXN-000462,2024-05-01,6110,48926.33,Finance,CC-F001,2024,2,5,May,2024-05,2024-Q2
TXN-000463,2024-05-01,6120,7933.54,Finance,CC-F001,2024,2,5,May,2024-05,2024-Q2
TXN-000464,2024-05-01,6130,5592.75,Finance,CC-F001,2024,2,5,May,2024-05,2024-Q2
TXN-000465,2024-05-01,6140,12936.54,Finance,CC-F001,2024,2,5,May,2024-05,2024-Q2
TXN-000466,2024-05-01,6150,23518.93,Finance,CC-F001,2024,2,5,May,2024-05,2024-Q2
TXN-000467,2024-05-01,6200,45132.84,IT,CC-I001,2024,2,5,May,2024-05,2024-Q2
TXN-000468,2024-05-01,6210,95889.97,IT,CC-I001,2024,2,5,May,2024-05,2024-Q2
TXN-000469,2024-05-01,6220,33116.06,IT,CC-I001,2024,2,5,May,2024-05,2024-Q2
TXN-000470,2024-05-01,6300,111333.67,R&D,CC-R001,2024,2,5,May,2024-05,2024-Q2
TXN-000471,2024-05-01,6310,33990.32,R&D,CC-R001,2024,2,5,May,2024-05,2024-Q2
TXN-000472,2024-05-01,6400,17554.15,Sales,CC-S001,2024,2,5,May,2024-05,2024-Q2
TXN-000473,2024-05-01,6410,13566.88,HR,CC-H001,2024,2,5,May,2024-05,2024-Q2
TXN-000474,2024-05-01,6420,23582.34,Finance,CC-F001,2024,2,5,May,2024-05,2024-Q2
TXN-000069,2024-06-01,4000,807132.05,Sales,CC-S002,2024,2,6,June,2024-06,2024-Q2
TXN-000070,2024-06-01,4100,421112.38,Sales,CC-S001,2024,2,6,June,2024-06,2024-Q2
TXN-000071,2024-06-01,4200,220538.02,Sales,CC-S001,2024,2,6,June,2024-06,2024-Q2
TXN-000072,2024-06-01,4900,50123.78,Finance,CC-F001,2024,2,6,June,2024-06,2024-Q2
TXN-000148,2024-06-01,5000,382004.21,Operations,CC-O002,2024,2,6,June,2024-06,2024-Q2
TXN-000149,2024-06-01,5100,191002.1,Operations,CC-O001,2024,2,6,June,2024-06,2024-Q2
TXN-000150,2024-06-01,5200,63667.37,Operations,CC-O001,2024,2,6,June,2024-06,2024-Q2
TXN-000475,2024-06-01,6000,161465.14,Sales,CC-S002,2024,2,6,June,2024-06,2024-Q2
TXN-000476,2024-06-01,6010,76779.96,Sales,CC-S001,2024,2,6,June,2024-06,2024-Q2
TXN-000477,2024-06-01,6020,129013.59,Marketing,CC-M001,2024,2,6,June,2024-06,2024-Q2
TXN-000478,2024-06-01,6030,94377.24,Marketing,CC-M001,2024,2,6,June,2024-06,2024-Q2
TXN-000479,2024-06-01,6100,127766.21,Finance,CC-F001,2024,2,6,June,2024-06,2024-Q2
TXN-000480,2024-06-01,6110,49297.24,Finance,CC-F001,2024,2,6,June,2024-06,2024-Q2
TXN-000481,2024-06-01,6120,8813.79,Finance,CC-F001,2024,2,6,June,2024-06,2024-Q2
TXN-000482,2024-06-01,6130,6016.26,Finance,CC-F001,2024,2,6,June,2024-06,2024-Q2
TXN-000483,2024-06-01,6140,12942.07,Finance,CC-F001,2024,2,6,June,2024-06,2024-Q2
TXN-000484,2024-06-01,6150,27278.16,Finance,CC-F001,2024,2,6,June,2024-06,2024-Q2
TXN-000485,2024-06-01,6200,38426.45,IT,CC-I001,2024,2,6,June,2024-06,2024-Q2
TXN-000486,2024-06-01,6210,95688.76,IT,CC-I001,2024,2,6,June,2024-06,2024-Q2
TXN-000487,2024-06-01,6220,30332.48,IT,CC-I001,2024,2,6,June,2024-06,2024-Q2
TXN-000488,2024-06-01,6300,120101.33,R&D,CC-R001,2024,2,6,June,2024-06,2024-Q2
TXN-000489,2024-06-01,6310,35531.18,R&D,CC-R001,2024,2,6,June,2024-06,2024-Q2
TXN-000490,2024-06-01,6400,16032.36,Sales,CC-S002,2024,2,6,June,2024-06,2024-Q2
TXN-000491,2024-06-01,6410,14845.35,HR,CC-H001,2024,2,6,June,2024-06,2024-Q2
TXN-000492,2024-06-01,6420,23778.41,Finance,CC-F001,2024,2,6,June,2024-06,2024-Q2
TXN-000073,2024-07-01,4000,815652.63,Sales,CC-S002,2024,3,7,July,2024-07,2024-Q3
TXN-000074,2024-07-01,4100,425557.9,Sales,CC-S001,2024,3,7,July,2024-07,2024-Q3
TXN-000075,2024-07-01,4200,224948.78,Sales,CC-S001,2024,3,7,July,2024-07,2024-Q3
TXN-000076,2024-07-01,4900,49659.73,Finance,CC-F001,2024,3,7,July,2024-07,2024-Q3
TXN-000151,2024-07-01,5000,365360.37,Operations,CC-O003,2024,3,7,July,2024-07,2024-Q3
TXN-000152,2024-07-01,5100,182680.19,Operations,CC-O003,2024,3,7,July,2024-07,2024-Q3
TXN-000153,2024-07-01,5200,60893.4,Operations,CC-O003,2024,3,7,July,2024-07,2024-Q3
TXN-000493,2024-07-01,6000,167934.28,Sales,CC-S001,2024,3,7,July,2024-07,2024-Q3
TXN-000494,2024-07-01,6010,86548.97,Sales,CC-S001,2024,3,7,July,2024-07,2024-Q3
TXN-000495,2024-07-01,6020,102520.27,Marketing,CC-M001,2024,3,7,July,2024-07,2024-Q3
TXN-000496,2024-07-01,6030,95366.03,Marketing,CC-M001,2024,3,7,July,2024-07,2024-Q3
TXN-000497,2024-07-01,6100,127988.33,Finance,CC-F001,2024,3,7,July,2024-07,2024-Q3
TXN-000498,2024-07-01,6110,49532.97,Finance,CC-F001,2024,3,7,July,2024-07,2024-Q3
TXN-000499,2024-07-01,6120,7972.49,Finance,CC-F001,2024,3,7,July,2024-07,2024-Q3
TXN-000500,2024-07-01,6130,5618.36,Finance,CC-F001,2024,3,7,July,2024-07,2024-Q3
TXN-000501,2024-07-01,6140,12905.33,Finance,CC-F001,2024,3,7,July,2024-07,2024-Q3
TXN-000502,2024-07-01,6150,22395.55,Finance,CC-F001,2024,3,7,July,2024-07,2024-Q3
TXN-000503,2024-07-01,6200,39250.56,IT,CC-I001,2024,3,7,July,2024-07,2024-Q3
TXN-000504,2024-07-01,6210,99827.32,IT,CC-I001,2024,3,7,July,2024-07,2024-Q3
TXN-000505,2024-07-01,6220,31810.76,IT,CC-I001,2024,3,7,July,2024-07,2024-Q3
TXN-000506,2024-07-01,6300,117962.79,R&D,CC-R001,2024,3,7,July,2024-07,2024-Q3
TXN-000507,2024-07-01,6310,37261.04,R&D,CC-R001,2024,3,7,July,2024-07,2024-Q3
TXN-000508,2024-07-01,6400,21334.66,Sales,CC-S002,2024,3,7,July,2024-07,2024-Q3
TXN-000509,2024-07-01,6410,18393.87,HR,CC-H001,2024,3,7,July,2024-07,2024-Q3
TXN-000510,2024-07-01,6420,23877.1,Finance,CC-F001,2024,3,7,July,2024-07,2024-Q3
TXN-000077,2024-08-01,4000,713198.6,Sales,CC-S002,2024,3,8,August,2024-08,2024-Q3
TXN-000078,2024-08-01,4100,427919.16,Sales,CC-S001,2024,3,8,August,2024-08,2024-Q3
TXN-000079,2024-08-01,4200,229447.76,Sales,CC-S001,2024,3,8,August,2024-08,2024-Q3
TXN-000080,2024-08-01,4900,48956.15,Finance,CC-F001,2024,3,8,August,2024-08,2024-Q3
TXN-000154,2024-08-01,5000,379409.2,Operations,CC-O002,2024,3,8,August,2024-08,2024-Q3
TXN-000155,2024-08-01,5100,189704.6,Operations,CC-O003,2024,3,8,August,2024-08,2024-Q3
TXN-000156,2024-08-01,5200,63234.87,Operations,CC-O003,2024,3,8,August,2024-08,2024-Q3
TXN-000511,2024-08-01,6000,162540.59,Sales,CC-S001,2024,3,8,August,2024-08,2024-Q3
TXN-000512,2024-08-01,6010,98401.76,Sales,CC-S002,2024,3,8,August,2024-08,2024-Q3
TXN-000513,2024-08-01,6020,92833.04,Marketing,CC-M001,2024,3,8,August,2024-08,2024-Q3
TXN-000514,2024-08-01,6030,87475.4,Marketing,CC-M001,2024,3,8,August,2024-08,2024-Q3
TXN-000515,2024-08-01,6100,128712.56,Finance,CC-F001,2024,3,8,August,2024-08,2024-Q3
TXN-000516,2024-08-01,6110,49453.48,Finance,CC-F001,2024,3,8,August,2024-08,2024-Q3
TXN-000517,2024-08-01,6120,9461.61,Finance,CC-F001,2024,3,8,August,2024-08,2024-Q3
TXN-000518,2024-08-01,6130,4717.91,Finance,CC-F001,2024,3,8,August,2024-08,2024-Q3
TXN-000519,2024-08-01,6140,13023.64,Finance,CC-F001,2024,3,8,August,2024-08,2024-Q3
TXN-000520,2024-08-01,6150,19737.27,Finance,CC-F001,2024,3,8,August,2024-08,2024-Q3
TXN-000521,2024-08-01,6200,47306.24,IT,CC-I001,2024,3,8,August,2024-08,2024-Q3
TXN-000522,2024-08-01,6210,97111.82,IT,CC-I001,2024,3,8,August,2024-08,2024-Q3
TXN-000523,2024-08-01,6220,30328.74,IT,CC-I001,2024,3,8,August,2024-08,2024-Q3
TXN-000524,2024-08-01,6300,113408.89,R&D,CC-R001,2024,3,8,August,2024-08,2024-Q3
TXN-000525,2024-08-01,6310,42934.75,R&D,CC-R001,2024,3,8,August,2024-08,2024-Q3
TXN-000526,2024-08-01,6400,18364.7,Sales,CC-S002,2024,3,8,August,2024-08,2024-Q3
TXN-000527,2024-08-01,6410,18254.25,HR,CC-H001,2024,3,8,August,2024-08,2024-Q3
TXN-000528,2024-08-01,6420,24212.89,Finance,CC-F001,2024,3,8,August,2024-08,2024-Q3
TXN-000081,2024-09-01,4000,751284.07,Sales,CC-S002,2024,3,9,September,2024-09,2024-Q3
TXN-000082,2024-09-01,4100,450770.44,Sales,CC-S002,2024,3,9,September,2024-09,2024-Q3
TXN-000083,2024-09-01,4200,234036.71,Sales,CC-S001,2024,3,9,September,2024-09,2024-Q3
TXN-000084,2024-09-01,4900,50559.26,Finance,CC-F001,2024,3,9,September,2024-09,2024-Q3
TXN-000157,2024-09-01,5000,368337.58,Operations,CC-O002,2024,3,9,September,2024-09,2024-Q3
TXN-000158,2024-09-01,5100,184168.79,Operations,CC-O003,2024,3,9,September,2024-09,2024-Q3
TXN-000159,2024-09-01,5200,61389.6,Operations,CC-O002,2024,3,9,September,2024-09,2024-Q3
TXN-000529,2024-09-01,6000,161124.1,Sales,CC-S001,2024,3,9,September,2024-09,2024-Q3
TXN-000530,2024-09-01,6010,79702.72,Sales,CC-S001,2024,3,9,September,2024-09,2024-Q3
TXN-000531,2024-09-01,6020,113824.24,Marketing,CC-M001,2024,3,9,September,2024-09,2024-Q3
TXN-000532,2024-09-01,6030,81043.1,Marketing,CC-M001,2024,3,9,September,2024-09,2024-Q3
TXN-000533,2024-09-01,6100,129430.8,Finance,CC-F001,2024,3,9,September,2024-09,2024-Q3
TXN-000534,2024-09-01,6110,49573.34,Finance,CC-F001,2024,3,9,September,2024-09,2024-Q3
TXN-000535,2024-09-01,6120,7962.72,Finance,CC-F001,2024,3,9,September,2024-09,2024-Q3
TXN-000536,2024-09-01,6130,6459.46,Finance,CC-F001,2024,3,9,September,2024-09,2024-Q3
TXN-000537,2024-09-01,6140,13321.97,Finance,CC-F001,2024,3,9,September,2024-09,2024-Q3
TXN-000538,2024-09-01,6150,30961.6,Finance,CC-F001,2024,3,9,September,2024-09,2024-Q3
TXN-000539,2024-09-01,6200,45068.38,IT,CC-I001,2024,3,9,September,2024-09,2024-Q3
TXN-000540,2024-09-01,6210,98382.87,IT,CC-I001,2024,3,9,September,2024-09,2024-Q3
TXN-000541,2024-09-01,6220,35915.73,IT,CC-I001,2024,3,9,September,2024-09,2024-Q3
TXN-000542,2024-09-01,6300,120211.95,R&D,CC-R001,2024,3,9,September,2024-09,2024-Q3
TXN-000543,2024-09-01,6310,46029.24,R&D,CC-R001,2024,3,9,September,2024-09,2024-Q3
TXN-000544,2024-09-01,6400,17068.79,Sales,CC-S001,2024,3,9,September,2024-09,2024-Q3
TXN-000545,2024-09-01,6410,19578.31,HR,CC-H001,2024,3,9,September,2024-09,2024-Q3
TXN-000546,2024-09-01,6420,24277.24,Finance,CC-F001,2024,3,9,September,2024-09,2024-Q3
TXN-000085,2024-10-01,4000,730512.82,Sales,CC-S001,2024,4,10,October,2024-10,2024-Q4
TXN-000086,2024-10-01,4100,438307.69,Sales,CC-S001,2024,4,10,October,2024-10,2024-Q4
TXN-000087,2024-10-01,4200,238717.45,Sales,CC-S001,2024,4,10,October,2024-10,2024-Q4
TXN-000088,2024-10-01,4900,48197.47,Finance,CC-F001,2024,4,10,October,2024-10,2024-Q4
TXN-000160,2024-10-01,5000,378310.22,Operations,CC-O002,2024,4,10,October,2024-10,2024-Q4
TXN-000161,2024-10-01,5100,189155.11,Operations,CC-O001,2024,4,10,October,2024-10,2024-Q4
TXN-000162,2024-10-01,5200,63051.7,Operations,CC-O001,2024,4,10,October,2024-10,2024-Q4
TXN-000547,2024-10-01,6000,158585.16,Sales,CC-S001,2024,4,10,October,2024-10,2024-Q4
TXN-000548,2024-10-01,6010,160945.63,Sales,CC-S002,2024,4,10,October,2024-10,2024-Q4
TXN-000549,2024-10-01,6020,106142.95,Marketing,CC-M001,2024,4,10,October,2024-10,2024-Q4
TXN-000550,2024-10-01,6030,100408.88,Marketing,CC-M001,2024,4,10,October,2024-10,2024-Q4
TXN-000551,2024-10-01,6100,131560.71,Finance,CC-F001,2024,4,10,October,2024-10,2024-Q4
TXN-000552,2024-10-01,6110,49744.92,Finance,CC-F001,2024,4,10,October,2024-10,2024-Q4
TXN-000553,2024-10-01,6120,8767.8,Finance,CC-F001,2024,4,10,October,2024-10,2024-Q4
TXN-000554,2024-10-01,6130,4816.34,Finance,CC-F001,2024,4,10,October,2024-10,2024-Q4
TXN-000555,2024-10-01,6140,13234.94,Finance,CC-F001,2024,4,10,October,2024-10,2024-Q4
TXN-000556,2024-10-01,6150,25378.58,Finance,CC-F001,2024,4,10,October,2024-10,2024-Q4
TXN-000557,2024-10-01,6200,84291.04,IT,CC-I001,2024,4,10,October,2024-10,2024-Q4
TXN-000558,2024-10-01,6210,96378.72,IT,CC-I001,2024,4,10,October,2024-10,2024-Q4
TXN-000559,2024-10-01,6220,30862.47,IT,CC-I001,2024,4,10,October,2024-10,2024-Q4
TXN-000560,2024-10-01,6300,113639.93,R&D,CC-R001,2024,4,10,October,2024-10,2024-Q4
TXN-000561,2024-10-01,6310,38761.5,R&D,CC-R001,2024,4,10,October,2024-10,2024-Q4
TXN-000562,2024-10-01,6400,16381.64,Sales,CC-S001,2024,4,10,October,2024-10,2024-Q4
TXN-000563,2024-10-01,6410,14190.08,HR,CC-H001,2024,4,10,October,2024-10,2024-Q4
TXN-000564,2024-10-01,6420,24199.44,Finance,CC-F001,2024,4,10,October,2024-10,2024-Q4
TXN-000089,2024-11-01,4000,983999.68,Sales,CC-S001,2024,4,11,November,2024-11,2024-Q4
TXN-000090,2024-11-01,4100,454153.7,Sales,CC-S001,2024,4,11,November,2024-11,2024-Q4
TXN-000091,2024-11-01,4200,243491.8,Sales,CC-S001,2024,4,11,November,2024-11,2024-Q4
TXN-000092,2024-11-01,4900,48960.72,Finance,CC-F001,2024,4,11,November,2024-11,2024-Q4
TXN-000163,2024-11-01,5000,431528.89,Operations,CC-O003,2024,4,11,November,2024-11,2024-Q4
TXN-000164,2024-11-01,5100,215764.44,Operations,CC-O002,2024,4,11,November,2024-11,2024-Q4
TXN-000165,2024-11-01,5200,71921.48,Operations,CC-O001,2024,4,11,November,2024-11,2024-Q4
TXN-000565,2024-11-01,6000,159021.97,Sales,CC-S001,2024,4,11,November,2024-11,2024-Q4
TXN-000566,2024-11-01,6010,90663.29,Sales,CC-S002,2024,4,11,November,2024-11,2024-Q4
TXN-000567,2024-11-01,6020,123418.46,Marketing,CC-M001,2024,4,11,November,2024-11,2024-Q4
TXN-000568,2024-11-01,6030,84391.77,Marketing,CC-M001,2024,4,11,November,2024-11,2024-Q4
TXN-000569,2024-11-01,6100,132605.71,Finance,CC-F001,2024,4,11,November,2024-11,2024-Q4
TXN-000570,2024-11-01,6110,49680.07,Finance,CC-F001,2024,4,11,November,2024-11,2024-Q4
TXN-000571,2024-11-01,6120,9536.83,Finance,CC-F001,2024,4,11,November,2024-11,2024-Q4
TXN-000572,2024-11-01,6130,5276.66,Finance,CC-F001,2024,4,11,November,2024-11,2024-Q4
TXN-000573,2024-11-01,6140,13416.84,Finance,CC-F001,2024,4,11,November,2024-11,2024-Q4
TXN-000574,2024-11-01,6150,19877.48,Finance,CC-F001,2024,4,11,November,2024-11,2024-Q4
TXN-000575,2024-11-01,6200,47347.74,IT,CC-I001,2024,4,11,November,2024-11,2024-Q4
TXN-000576,2024-11-01,6210,95318.6,IT,CC-I001,2024,4,11,November,2024-11,2024-Q4
TXN-000577,2024-11-01,6220,31556.27,IT,CC-I001,2024,4,11,November,2024-11,2024-Q4
TXN-000578,2024-11-01,6300,112886.31,R&D,CC-R001,2024,4,11,November,2024-11,2024-Q4
TXN-000579,2024-11-01,6310,43576.03,R&D,CC-R001,2024,4,11,November,2024-11,2024-Q4
TXN-000580,2024-11-01,6400,24270.97,Sales,CC-S002,2024,4,11,November,2024-11,2024-Q4
TXN-000581,2024-11-01,6410,13335.34,HR,CC-H001,2024,4,11,November,2024-11,2024-Q4
TXN-000582,2024-11-01,6420,24565.38,Finance,CC-F001,2024,4,11,November,2024-11,2024-Q4
TXN-000093,2024-12-01,4000,1011286.82,Sales,CC-S002,2024,4,12,December,2024-12,2024-Q4
TXN-000094,2024-12-01,4100,466747.76,Sales,CC-S001,2024,4,12,December,2024-12,2024-Q4
TXN-000095,2024-12-01,4200,248361.63,Sales,CC-S001,2024,4,12,December,2024-12,2024-Q4
TXN-000096,2024-12-01,4900,49331.81,Finance,CC-F001,2024,4,12,December,2024-12,2024-Q4
TXN-000166,2024-12-01,5000,453879.71,Operations,CC-O001,2024,4,12,December,2024-12,2024-Q4
TXN-000167,2024-12-01,5100,226939.85,Operations,CC-O001,2024,4,12,December,2024-12,2024-Q4
TXN-000168,2024-12-01,5200,75646.62,Operations,CC-O001,2024,4,12,December,2024-12,2024-Q4
TXN-000583,2024-12-01,6000,173031.18,Sales,CC-S002,2024,4,12,December,2024-12,2024-Q4
TXN-000584,2024-12-01,6010,93838.01,Sales,CC-S002,2024,4,12,December,2024-12,2024-Q4
TXN-000585,2024-12-01,6020,102427.27,Marketing,CC-M001,2024,4,12,December,2024-12,2024-Q4
TXN-000586,2024-12-01,6030,63356.96,Marketing,CC-M001,2024,4,12,December,2024-12,2024-Q4
TXN-000587,2024-12-01,6100,209420.22,Finance,CC-F001,2024,4,12,December,2024-12,2024-Q4
TXN-000588,2024-12-01,6110,50333.46,Finance,CC-F001,2024,4,12,December,2024-12,2024-Q4
TXN-000589,2024-12-01,6120,9634.91,Finance,CC-F001,2024,4,12,December,2024-12,2024-Q4
TXN-000590,2024-12-01,6130,5230.06,Finance,CC-F001,2024,4,12,December,2024-12,2024-Q4
TXN-000591,2024-12-01,6140,13335.52,Finance,CC-F001,2024,4,12,December,2024-12,2024-Q4
TXN-000592,2024-12-01,6150,24031.73,Finance,CC-F001,2024,4,12,December,2024-12,2024-Q4
TXN-000593,2024-12-01,6200,43452.78,IT,CC-I001,2024,4,12,December,2024-12,2024-Q4
TXN-000594,2024-12-01,6210,99858.07,IT,CC-I001,2024,4,12,December,2024-12,2024-Q4
TXN-000595,2024-12-01,6220,36504.64,IT,CC-I001,2024,4,12,December,2024-12,2024-Q4
TXN-000596,2024-12-01,6300,115760.36,R&D,CC-R001,2024,4,12,December,2024-12,2024-Q4
TXN-000597,2024-12-01,6310,38886.84,R&D,CC-R001,2024,4,12,December,2024-12,2024-Q4
TXN-000598,2024-12-01,6400,26351.39,Sales,CC-S001,2024,4,12,December,2024-12,2024-Q4
TXN-000599,2024-12-01,6410,12750.68,HR,CC-H001,2024,4,12,December,2024-12,2024-Q4
TXN-000600,2024-12-01,6420,24587.12,Finance,CC-F001,2024,4,12,December,2024-12,2024-Q4
